profile,grain,distance_band,z_channel,spectrum,period_angstrom,frequency_inverse_angstrom,raw_power,observable_cycles,resolution_interval_angstrom,local_prominence_ratio,prominence_over_local_floor,relative_power,power_over_global_peak,absolute_power_strain_squared,normalized_power,amplitude_strain,review_eligible,rejection_reasons,review_scope,numerical_stability_status,far_field_relation,taper_stability,numerical_stability,far_field_comparison
lower_far_field_all,lower,far_field,all,spectrum,37.847593836258724,0.026421758918845212,1.1401589650705017e-07,4.7109375,"[34.21604060459372, 42.34155674074955]",0.9823910239008669,42.87198302132938,1.0,0.04924612116560894,2.0763384416348008e-12,0.0035853776880047064,9.445102103422991e-06,True,[],profile_and_numerical_variants,passed,not_compared,"{""status"": ""passed"", ""reference_window"": ""Hann"", ""comparison_window"": ""Blackman"", ""amplitude_ratio"": 0.9203184653587098, ""matched_period_angstrom"": 37.847593836258724}","{""half_x_bin_origin"": {""status"": ""consistent"", ""profile_status"": ""resolved_profile"", ""matched_period_angstrom"": 37.847593836258724, ""amplitude_ratio"": 0.9966421181737734, ""matched_amplitude_strain"": 9.413386566723052e-06}, ""smoothing_0.5_nn"": {""status"": ""consistent"", ""profile_status"": ""resolved_profile"", ""matched_period_angstrom"": 37.847593836258724, ""amplitude_ratio"": 1.0118051272190483, ""matched_amplitude_strain"": 9.556602735350799e-06}, ""smoothing_0.8_nn"": {""status"": ""consistent"", ""profile_status"": ""resolved_profile"", ""matched_period_angstrom"": 37.847593836258724, ""amplitude_ratio"": 0.9849734532143053, ""matched_amplitude_strain"": 9.303174834770243e-06}}",
lower_far_field_all,lower,far_field,all,spectrum,8.744099265618395,0.11436283711141958,9.257105046672328e-10,20.390625,"[8.534816411093496, 8.963903803324435]",0.9566256509987304,8.880252789521494,0.008119135427839147,0.0003998359270393548,1.6858073001661436e-14,2.9110167008863025e-05,8.510626862690524e-07,True,[],profile_and_numerical_variants,passed,not_compared,"{""status"": ""passed"", ""reference_window"": ""Hann"", ""comparison_window"": ""Blackman"", ""amplitude_ratio"": 1.0072540872939537, ""matched_period_angstrom"": 8.744099265618395}","{""half_x_bin_origin"": {""status"": ""consistent"", ""profile_status"": ""resolved_profile"", ""matched_period_angstrom"": 8.654569239007968, ""amplitude_ratio"": 0.5497328897636786, ""matched_amplitude_strain"": 4.678571498927252e-07}, ""smoothing_0.5_nn"": {""status"": ""consistent"", ""profile_status"": ""resolved_profile"", ""matched_period_angstrom"": 8.744099265618395, ""amplitude_ratio"": 1.289853833446024, ""matched_amplitude_strain"": 1.097746468387008e-06}, ""smoothing_0.8_nn"": {""status"": ""consistent"", ""profile_status"": ""resolved_profile"", ""matched_period_angstrom"": 8.744099265618395, ""amplitude_ratio"": 0.7159715687611004, ""matched_amplitude_strain"": 6.093366866020897e-07}}",
lower_far_field_all,lower,far_field,all,spectrum,10.308084500119246,0.09701123423934212,6.721504019063998e-10,17.296875,"[10.018480721362604, 10.614929806169307]",0.8595070240756626,4.960011274537608,0.005895234107682847,0.00029031741316658,1.2240501200218527e-14,2.1136640835250414e-05,7.251989810093099e-07,True,[],profile_and_numerical_variants,passed,not_compared,"{""status"": ""passed"", ""reference_window"": ""Hann"", ""comparison_window"": ""Blackman"", ""amplitude_ratio"": 1.0560555053118985, ""matched_period_angstrom"": 10.350158314405446}","{""half_x_bin_origin"": {""status"": ""consistent"", ""profile_status"": ""resolved_profile"", ""matched_period_angstrom"": 10.143155148117339, ""amplitude_ratio"": 0.9934887626310493, ""matched_amplitude_strain"": 7.204770383042371e-07}, ""smoothing_0.5_nn"": {""status"": ""consistent"", ""profile_status"": ""resolved_profile"", ""matched_period_angstrom"": 10.266351364491232, ""amplitude_ratio"": 1.223107806961449, ""matched_amplitude_strain"": 8.869965352729744e-07}, ""smoothing_0.8_nn"": {""status"": ""consistent"", ""profile_status"": ""resolved_profile"", ""matched_period_angstrom"": 10.350158314405446, ""amplitude_ratio"": 0.7770759128436228, ""matched_amplitude_strain"": 5.635346601610746e-07}}",
lower_far_field_all,lower,far_field,all,spectrum,14.916404629584322,0.0670402838239356,6.265973439105616e-10,11.953124999999998,"[14.317502561646181, 15.56759828326331]",0.9591092686722398,11.614213792181836,0.005495701591679507,0.00027064198647387894,1.1410936478557722e-14,1.9704165866739654e-05,7.001937480333751e-07,True,[],profile_and_numerical_variants,passed,not_compared,"{""status"": ""passed"", ""reference_window"": ""Hann"", ""comparison_window"": ""Blackman"", ""amplitude_ratio"": 0.9841697756641152, ""matched_period_angstrom"": 15.004667378871801}","{""half_x_bin_origin"": {""status"": ""consistent"", ""profile_status"": ""resolved_profile"", ""matched_period_angstrom"": 14.916404629584322, ""amplitude_ratio"": 1.0939751220609986, ""matched_amplitude_strain"": 7.659945409711595e-07}, ""smoothing_0.5_nn"": {""status"": ""consistent"", ""profile_status"": ""resolved_profile"", ""matched_period_angstrom"": 14.916404629584322, ""amplitude_ratio"": 1.0977939909581271, ""matched_amplitude_strain"": 7.686684890974881e-07}, ""smoothing_0.8_nn"": {""status"": ""consistent"", ""profile_status"": ""resolved_profile"", ""matched_period_angstrom"": 14.916404629584322, ""amplitude_ratio"": 0.8932619533481339, ""matched_amplitude_strain"": 6.254564350904437e-07}}",
lower_far_field_all,lower,far_field,all,spectrum,24.38258449066668,0.04101287951581943,5.626823697256383e-10,7.312499999999999,"[22.82209908326401, 26.172131976220196]",0.9039130554619503,2.4663369277197824,0.004935122092302672,0.00024303562052461087,1.0246983714409206e-14,1.7694276637321103e-05,6.63522428841509e-07,False,"[""window_sensitive_possible_leakage""]",profile_and_numerical_variants,passed,not_compared,"{""status"": ""failed"", ""reference_window"": ""Hann"", ""comparison_window"": ""Blackman"", ""amplitude_ratio"": null, ""matched_period_angstrom"": null}","{""half_x_bin_origin"": {""status"": ""consistent"", ""profile_status"": ""resolved_profile"", ""matched_period_angstrom"": 24.150369400279377, ""amplitude_ratio"": 1.0334838599346117, ""matched_amplitude_strain"": 6.857397209123115e-07}, ""smoothing_0.5_nn"": {""status"": ""consistent"", ""profile_status"": ""resolved_profile"", ""matched_period_angstrom"": 24.38258449066668, ""amplitude_ratio"": 1.0035099187572727, ""matched_amplitude_strain"": 6.658513386603711e-07}, ""smoothing_0.8_nn"": {""status"": ""consistent"", ""profile_status"": ""resolved_profile"", ""matched_period_angstrom"": 24.38258449066668, ""amplitude_ratio"": 0.9878029956271414, ""matched_amplitude_strain"": 6.554294428754393e-07}}",
lower_far_field_all,lower,far_field,all,spectrum,7.3288693266743765,0.13644669531224543,4.975803409155526e-10,24.328125,"[7.181277244576466, 7.48265543713574]",0.9919169187870196,19.110773540035016,0.004364131284840485,0.00021491653803587911,9.061413551055372e-15,1.5647058936190385e-05,6.239582919184068e-07,True,[],profile_and_numerical_variants,passed,not_compared,"{""status"": ""passed"", ""reference_window"": ""Hann"", ""comparison_window"": ""Blackman"", ""amplitude_ratio"": 1.0139202613228608, ""matched_period_angstrom"": 7.307748665790589}","{""half_x_bin_origin"": {""status"": ""consistent"", ""profile_status"": ""resolved_profile"", ""matched_period_angstrom"": 7.3288693266743765, ""amplitude_ratio"": 0.6395666268725193, ""matched_amplitude_strain"": 3.9906290007139414e-07}, ""smoothing_0.5_nn"": {""status"": ""consistent"", ""profile_status"": ""resolved_profile"", ""matched_period_angstrom"": 7.3288693266743765, ""amplitude_ratio"": 1.4409614949531093, ""matched_amplitude_strain"": 8.990998731111361e-07}, ""smoothing_0.8_nn"": {""status"": ""consistent"", ""profile_status"": ""resolved_profile"", ""matched_period_angstrom"": 7.350112426171984, ""amplitude_ratio"": 0.6278974460604833, ""matched_amplitude_strain"": 3.9178181794382907e-07}}",
lower_far_field_all,lower,far_field,all,spectrum,16.68282096729825,0.05994190083081302,2.9222298289916583e-10,10.6875,"[15.937220030212297, 17.501609726429454]",0.2279129707105111,0.29519077780680686,0.0025630021062992407,0.00012621791227452334,5.321659799300077e-15,9.189330566234363e-06,4.781686934011351e-07,False,"[""insufficient_local_prominence"", ""window_sensitive_possible_leakage"", ""numerical_variant_inconsistent""]",profile_and_numerical_variants,failed,not_compared,"{""status"": ""failed"", ""reference_window"": ""Hann"", ""comparison_window"": ""Blackman"", ""amplitude_ratio"": null, ""matched_period_angstrom"": null}","{""half_x_bin_origin"": {""status"": ""unresolved_or_inconsistent"", ""profile_status"": ""resolved_profile"", ""matched_period_angstrom"": null, ""amplitude_ratio"": null, ""matched_amplitude_strain"": null}, ""smoothing_0.5_nn"": {""status"": ""consistent"", ""profile_status"": ""resolved_profile"", ""matched_period_angstrom"": 16.573782921760355, ""amplitude_ratio"": 1.0808524292223474, ""matched_amplitude_strain"": 5.168297938406926e-07}, ""smoothing_0.8_nn"": {""status"": ""unresolved_or_inconsistent"", ""profile_status"": ""resolved_profile"", ""matched_period_angstrom"": 16.793303225359832, ""amplitude_ratio"": 0.9104522578274573, ""matched_amplitude_strain"": 4.3534976652946864e-07}}",
lower_far_field_all,lower,far_field,all,spectrum,19.357166313201024,0.05166045400550333,2.062232188784954e-10,9.2109375,"[18.36049805572326, 20.468250298891487]",0.8759917597954836,0.6301763485141706,0.0018087233903014883,8.907261123385809e-05,3.755521905567005e-15,6.4849564873591835e-06,4.0169158565327344e-07,False,"[""insufficient_local_prominence""]",profile_and_numerical_variants,passed,not_compared,"{""status"": ""passed"", ""reference_window"": ""Hann"", ""comparison_window"": ""Blackman"", ""amplitude_ratio"": 0.8134416655250389, ""matched_period_angstrom"": 19.966840842750667}","{""half_x_bin_origin"": {""status"": ""consistent"", ""profile_status"": ""resolved_profile"", ""matched_period_angstrom"": 19.357166313201024, ""amplitude_ratio"": 0.9926659275811266, ""matched_amplitude_strain"": 3.9874555047404024e-07}, ""smoothing_0.5_nn"": {""status"": ""consistent"", ""profile_status"": ""resolved_profile"", ""matched_period_angstrom"": 19.50606759253334, ""amplitude_ratio"": 1.0237494897867416, ""matched_amplitude_strain"": 4.112315558641659e-07}, ""smoothing_0.8_nn"": {""status"": ""consistent"", ""profile_status"": ""resolved_profile"", ""matched_period_angstrom"": 19.357166313201024, ""amplitude_ratio"": 0.9660319349604849, ""matched_amplitude_strain"": 3.880468997459771e-07}}",
lower_far_field_all,lower,far_field,all,spectrum,6.245785189727425,0.16010797195598742,1.0544494939956311e-10,28.546875,"[6.138273018629373, 6.357130663861841]",0.9925551926322517,27.562701540123484,0.0009248267358319015,4.554412948997243e-05,1.9202533034594097e-15,3.315853143921922e-06,2.87234660730312e-07,False,"[""numerical_variant_inconsistent""]",profile_and_numerical_variants,failed,not_compared,"{""status"": ""passed"", ""reference_window"": ""Hann"", ""comparison_window"": ""Blackman"", ""amplitude_ratio"": 0.9362730174441999, ""matched_period_angstrom"": 6.230439280170354}","{""half_x_bin_origin"": {""status"": ""unresolved_or_inconsistent"", ""profile_status"": ""resolved_profile"", ""matched_period_angstrom"": null, ""amplitude_ratio"": null, ""matched_amplitude_strain"": null}, ""smoothing_0.5_nn"": {""status"": ""consistent"", ""profile_status"": ""resolved_profile"", ""matched_period_angstrom"": 6.245785189727425, ""amplitude_ratio"": 1.7481949453400556, ""matched_amplitude_strain"": 5.021421820151972e-07}, ""smoothing_0.8_nn"": {""status"": ""consistent"", ""profile_status"": ""resolved_profile"", ""matched_period_angstrom"": 6.245785189727425, ""amplitude_ratio"": 0.4957744224000263, ""matched_amplitude_strain"": 1.4240359801683794e-07}}",
lower_far_field_all,lower,far_field,all,spectrum,6.673128386919301,0.14985475207703255,4.9668175247466136e-12,26.71875,"[6.550545087044779, 6.800387092748513]",0.2004367655860601,0.00945553011789322,4.35625002908212e-05,2.1452841675986557e-06,9.045049396755925e-17,1.5618801657640889e-07,6.233946291010909e-08,False,"[""insufficient_local_prominence"", ""below_absolute_strain_amplitude_floor"", ""window_sensitive_possible_leakage"", ""numerical_variant_inconsistent""]",profile_and_numerical_variants,failed,not_compared,"{""status"": ""failed"", ""reference_window"": ""Hann"", ""comparison_window"": ""Blackman"", ""amplitude_ratio"": null, ""matched_period_angstrom"": null}","{""half_x_bin_origin"": {""status"": ""unresolved_or_inconsistent"", ""profile_status"": ""resolved_profile"", ""matched_period_angstrom"": 6.762103432078225, ""amplitude_ratio"": 3.4356231070347913, ""matched_amplitude_strain"": 2.1417489925410912e-07}, ""smoothing_0.5_nn"": {""status"": ""unresolved_or_inconsistent"", ""profile_status"": ""resolved_profile"", ""matched_period_angstrom"": 6.673128386919301, ""amplitude_ratio"": 1.3448213887753064, ""matched_amplitude_strain"": 8.383544308627961e-08}, ""smoothing_0.8_nn"": {""status"": ""unresolved_or_inconsistent"", ""profile_status"": ""resolved_profile"", ""matched_period_angstrom"": 6.673128386919301, ""amplitude_ratio"": 0.6638138698898172, ""matched_amplitude_strain"": 4.1381800121212237e-08}}",
lower_far_field_z0,lower,far_field,z0,spectrum,37.847593836258724,0.026421758918845212,1.1401275040377482e-07,4.7109375,"[34.21604060459372, 42.34155674074955]",0.9823924917093563,42.87554290886698,1.0,0.049244118139343845,2.076281148087391e-12,0.003585242099776085,9.444971790578185e-06,True,[],profile_and_numerical_variants,passed,not_compared,"{""status"": ""passed"", ""reference_window"": ""Hann"", ""comparison_window"": ""Blackman"", ""amplitude_ratio"": 0.9203177120979067, ""matched_period_angstrom"": 37.847593836258724}","{""half_x_bin_origin"": {""status"": ""consistent"", ""profile_status"": ""resolved_profile"", ""matched_period_angstrom"": 37.847593836258724, ""amplitude_ratio"": 0.99664125981007, ""matched_amplitude_strain"": 9.413248584232415e-06}, ""smoothing_0.5_nn"": {""status"": ""consistent"", ""profile_status"": ""resolved_profile"", ""matched_period_angstrom"": 37.847593836258724, ""amplitude_ratio"": 1.011804201044333, ""matched_amplitude_strain"": 9.556462136452226e-06}, ""smoothing_0.8_nn"": {""status"": ""consistent"", ""profile_status"": ""resolved_profile"", ""matched_period_angstrom"": 37.847593836258724, ""amplitude_ratio"": 0.9849738443986199, ""matched_amplitude_strain"": 9.303050174802312e-06}}",
lower_far_field_z0,lower,far_field,z0,spectrum,8.744099265618395,0.11436283711141958,9.283557532906204e-10,20.390625,"[8.534816411093496, 8.963903803324435]",0.9568014640354798,8.911825897725084,0.008142560810109917,0.0004009732264898441,1.6906245507186414e-14,2.9193051816392932e-05,8.522777888363216e-07,True,[],profile_and_numerical_variants,passed,not_compared,"{""status"": ""passed"", ""reference_window"": ""Hann"", ""comparison_window"": ""Blackman"", ""amplitude_ratio"": 1.0074563379358268, ""matched_period_angstrom"": 8.744099265618395}","{""half_x_bin_origin"": {""status"": ""consistent"", ""profile_status"": ""resolved_profile"", ""matched_period_angstrom"": 8.654569239007968, ""amplitude_ratio"": 0.5467941611326902, ""matched_amplitude_strain"": 4.660205185987805e-07}, ""smoothing_0.5_nn"": {""status"": ""consistent"", ""profile_status"": ""resolved_profile"", ""matched_period_angstrom"": 8.744099265618395, ""amplitude_ratio"": 1.289910960372389, ""matched_amplitude_strain"": 1.0993624611019157e-06}, ""smoothing_0.8_nn"": {""status"": ""consistent"", ""profile_status"": ""resolved_profile"", ""matched_period_angstrom"": 8.744099265618395, ""amplitude_ratio"": 0.7159847939475714, ""matched_amplitude_strain"": 6.102179370260655e-07}}",
lower_far_field_z0,lower,far_field,z0,spectrum,10.308084500119246,0.09701123423934212,6.720065440815942e-10,17.296875,"[10.018480721362604, 10.614929806169307]",0.8595953168827087,4.962363935400428,0.005894135012984872,0.00029025148090867003,1.2237881411742319e-14,2.1131900990317623e-05,7.251213710500196e-07,True,[],profile_and_numerical_variants,passed,not_compared,"{""status"": ""passed"", ""reference_window"": ""Hann"", ""comparison_window"": ""Blackman"", ""amplitude_ratio"": 1.0562433195206598, ""matched_period_angstrom"": 10.350158314405446}","{""half_x_bin_origin"": {""status"": ""consistent"", ""profile_status"": ""resolved_profile"", ""matched_period_angstrom"": 10.143155148117339, ""amplitude_ratio"": 0.9937607827162321, ""matched_amplitude_strain"": 7.205971812589349e-07}, ""smoothing_0.5_nn"": {""status"": ""consistent"", ""profile_status"": ""resolved_profile"", ""matched_period_angstrom"": 10.266351364491232, ""amplitude_ratio"": 1.2230684659723199, ""matched_amplitude_strain"": 8.868730829338929e-07}, ""smoothing_0.8_nn"": {""status"": ""consistent"", ""profile_status"": ""resolved_profile"", ""matched_period_angstrom"": 10.350158314405446, ""amplitude_ratio"": 0.7771012608185185, ""matched_amplitude_strain"": 5.63492731689423e-07}}",
lower_far_field_z0,lower,far_field,z0,spectrum,14.916404629584322,0.0670402838239356,6.266677465803141e-10,11.953124999999998,"[14.317502561646181, 15.56759828326331]",0.959042938087244,11.616945867917368,0.005496470739991603,0.00027066885446959323,1.1412218578458519e-14,1.970617829720531e-05,7.002330828032133e-07,True,[],profile_and_numerical_variants,passed,not_compared,"{""status"": ""passed"", ""reference_window"": ""Hann"", ""comparison_window"": ""Blackman"", ""amplitude_ratio"": 0.984198160216305, ""matched_period_angstrom"": 15.004667378871801}","{""half_x_bin_origin"": {""status"": ""consistent"", ""profile_status"": ""resolved_profile"", ""matched_period_angstrom"": 14.916404629584322, ""amplitude_ratio"": 1.0938548516783515, ""matched_amplitude_strain"": 7.659533549299837e-07}, ""smoothing_0.5_nn"": {""status"": ""consistent"", ""profile_status"": ""resolved_profile"", ""matched_period_angstrom"": 14.916404629584322, ""amplitude_ratio"": 1.097796138309819, ""matched_amplitude_strain"": 7.687131742181472e-07}, ""smoothing_0.8_nn"": {""status"": ""consistent"", ""profile_status"": ""resolved_profile"", ""matched_period_angstrom"": 14.916404629584322, ""amplitude_ratio"": 0.8932618910693385, ""matched_amplitude_strain"": 6.25491527734111e-07}}",
lower_far_field_z0,lower,far_field,z0,spectrum,24.38258449066668,0.04101287951581943,5.627343997990668e-10,7.312499999999999,"[22.82209908326401, 26.172131976220196]",0.9039046623386414,2.4655868344503955,0.004935714626707535,0.00024305491417967327,1.024793123177205e-14,1.769573187215246e-05,6.635531054048048e-07,False,"[""window_sensitive_possible_leakage""]",profile_and_numerical_variants,passed,not_compared,"{""status"": ""failed"", ""reference_window"": ""Hann"", ""comparison_window"": ""Blackman"", ""amplitude_ratio"": null, ""matched_period_angstrom"": null}","{""half_x_bin_origin"": {""status"": ""consistent"", ""profile_status"": ""resolved_profile"", ""matched_period_angstrom"": 24.150369400279377, ""amplitude_ratio"": 1.0334457896016427, ""matched_amplitude_strain"": 6.857461629576905e-07}, ""smoothing_0.5_nn"": {""status"": ""consistent"", ""profile_status"": ""resolved_profile"", ""matched_period_angstrom"": 24.38258449066668, ""amplitude_ratio"": 1.0035122084078452, ""matched_amplitude_strain"": 6.658836422006593e-07}, ""smoothing_0.8_nn"": {""status"": ""consistent"", ""profile_status"": ""resolved_profile"", ""matched_period_angstrom"": 24.38258449066668, ""amplitude_ratio"": 0.9878010146937239, ""matched_amplitude_strain"": 6.554584308220377e-07}}",
lower_far_field_z0,lower,far_field,z0,spectrum,7.3288693266743765,0.13644669531224543,4.974959003077335e-10,24.328125,"[7.181277244576466, 7.48265543713574]",0.9919436687867342,19.14474683269695,0.004363511085785209,0.0002148772554107434,9.059875806886173e-15,1.564424364759679e-05,6.239053460435635e-07,True,[],profile_and_numerical_variants,passed,not_compared,"{""status"": ""passed"", ""reference_window"": ""Hann"", ""comparison_window"": ""Blackman"", ""amplitude_ratio"": 1.0138624429941434, ""matched_period_angstrom"": 7.307748665790589}","{""half_x_bin_origin"": {""status"": ""consistent"", ""profile_status"": ""resolved_profile"", ""matched_period_angstrom"": 7.3288693266743765, ""amplitude_ratio"": 0.6395175521574059, ""matched_amplitude_strain"": 3.98998419679699e-07}, ""smoothing_0.5_nn"": {""status"": ""consistent"", ""profile_status"": ""resolved_profile"", ""matched_period_angstrom"": 7.3288693266743765, ""amplitude_ratio"": 1.4409464938016536, ""matched_amplitude_strain"": 8.990142208455803e-07}, ""smoothing_0.8_nn"": {""status"": ""consistent"", ""profile_status"": ""resolved_profile"", ""matched_period_angstrom"": 7.350112426171984, ""amplitude_ratio"": 0.6279090113844458, ""matched_amplitude_strain"": 3.917557890316845e-07}}",
lower_far_field_z0,lower,far_field,z0,spectrum,16.68282096729825,0.05994190083081302,2.9219202402394546e-10,10.6875,"[15.937220030212297, 17.501609726429454]",0.2279463809529834,0.295246826553768,0.00256280129186561,0.00012620288958429315,5.3210960085945776e-15,9.188263084957122e-06,4.781433635025943e-07,False,"[""insufficient_local_prominence"", ""window_sensitive_possible_leakage"", ""numerical_variant_inconsistent""]",profile_and_numerical_variants,failed,not_compared,"{""status"": ""failed"", ""reference_window"": ""Hann"", ""comparison_window"": ""Blackman"", ""amplitude_ratio"": null, ""matched_period_angstrom"": null}","{""half_x_bin_origin"": {""status"": ""unresolved_or_inconsistent"", ""profile_status"": ""resolved_profile"", ""matched_period_angstrom"": null, ""amplitude_ratio"": null, ""matched_amplitude_strain"": null}, ""smoothing_0.5_nn"": {""status"": ""consistent"", ""profile_status"": ""resolved_profile"", ""matched_period_angstrom"": 16.573782921760355, ""amplitude_ratio"": 1.0809117860016026, ""matched_amplitude_strain"": 5.168307970084028e-07}, ""smoothing_0.8_nn"": {""status"": ""unresolved_or_inconsistent"", ""profile_status"": ""resolved_profile"", ""matched_period_angstrom"": 16.793303225359832, ""amplitude_ratio"": 0.9104133771901106, ""matched_amplitude_strain"": 4.3530811434743554e-07}}",
lower_far_field_z0,lower,far_field,z0,spectrum,19.357166313201024,0.05166045400550333,2.0630311637355033e-10,9.2109375,"[18.36049805572326, 20.468250298891487]",0.875989551879213,0.6302241668762513,0.0018094740776179003,8.910595524829612e-05,3.756976915310867e-15,6.4874026415291945e-06,4.0176939222539165e-07,False,"[""insufficient_local_prominence""]",profile_and_numerical_variants,passed,not_compared,"{""status"": ""passed"", ""reference_window"": ""Hann"", ""comparison_window"": ""Blackman"", ""amplitude_ratio"": 0.8134722507283886, ""matched_period_angstrom"": 19.966840842750667}","{""half_x_bin_origin"": {""status"": ""consistent"", ""profile_status"": ""resolved_profile"", ""matched_period_angstrom"": 19.357166313201024, ""amplitude_ratio"": 0.9923416927003186, ""matched_amplitude_strain"": 3.9869251875612334e-07}, ""smoothing_0.5_nn"": {""status"": ""consistent"", ""profile_status"": ""resolved_profile"", ""matched_period_angstrom"": 19.50606759253334, ""amplitude_ratio"": 1.02375099352594, ""matched_amplitude_strain"": 4.113118144590578e-07}, ""smoothing_0.8_nn"": {""status"": ""consistent"", ""profile_status"": ""resolved_profile"", ""matched_period_angstrom"": 19.357166313201024, ""amplitude_ratio"": 0.9660163880513606, ""matched_amplitude_strain"": 3.8811581710716325e-07}}",
lower_far_field_z0,lower,far_field,z0,spectrum,6.245785189727425,0.16010797195598742,1.0531550915980679e-10,28.546875,"[6.138273018629373, 6.357130663861841]",0.9925630967738137,27.420547658296275,0.000923716942068612,4.5487626222540166e-05,1.9178960729859917e-15,3.3117488689808144e-06,2.8705830737873864e-07,False,"[""numerical_variant_inconsistent""]",profile_and_numerical_variants,failed,not_compared,"{""status"": ""passed"", ""reference_window"": ""Hann"", ""comparison_window"": ""Blackman"", ""amplitude_ratio"": 0.9361151027937238, ""matched_period_angstrom"": 6.230439280170354}","{""half_x_bin_origin"": {""status"": ""unresolved_or_inconsistent"", ""profile_status"": ""resolved_profile"", ""matched_period_angstrom"": null, ""amplitude_ratio"": null, ""matched_amplitude_strain"": null}, ""smoothing_0.5_nn"": {""status"": ""consistent"", ""profile_status"": ""resolved_profile"", ""matched_period_angstrom"": 6.245785189727425, ""amplitude_ratio"": 1.7481611455432515, ""matched_amplitude_strain"": 5.018241794649226e-07}, ""smoothing_0.8_nn"": {""status"": ""consistent"", ""profile_status"": ""resolved_profile"", ""matched_period_angstrom"": 6.245785189727425, ""amplitude_ratio"": 0.4957781827575292, ""matched_amplitude_strain"": 1.4231724597768328e-07}}",
lower_far_field_z0,lower,far_field,z0,spectrum,6.673128386919301,0.14985475207703255,4.961940879974023e-12,26.71875,"[6.550545087044779, 6.800387092748513]",0.20188645241610334,0.009527231791444045,4.352092956622279e-05,2.1431497970931376e-06,9.036168560558753e-17,1.5603306890221168e-07,6.230885155051058e-08,False,"[""insufficient_local_prominence"", ""below_absolute_strain_amplitude_floor"", ""window_sensitive_possible_leakage"", ""numerical_variant_inconsistent""]",profile_and_numerical_variants,failed,not_compared,"{""status"": ""failed"", ""reference_window"": ""Hann"", ""comparison_window"": ""Blackman"", ""amplitude_ratio"": null, ""matched_period_angstrom"": null}","{""half_x_bin_origin"": {""status"": ""unresolved_or_inconsistent"", ""profile_status"": ""resolved_profile"", ""matched_period_angstrom"": 6.762103432078225, ""amplitude_ratio"": 3.4367896563551987, ""matched_amplitude_strain"": 2.1414241650816637e-07}, ""smoothing_0.5_nn"": {""status"": ""unresolved_or_inconsistent"", ""profile_status"": ""resolved_profile"", ""matched_period_angstrom"": 6.673128386919301, ""amplitude_ratio"": 1.3446757059347176, ""matched_amplitude_strain"": 8.378519894466434e-08}, ""smoothing_0.8_nn"": {""status"": ""unresolved_or_inconsistent"", ""profile_status"": ""resolved_profile"", ""matched_period_angstrom"": 6.673128386919301, ""amplitude_ratio"": 0.6638854540825159, ""matched_amplitude_strain"": 4.136594020497079e-08}}",
lower_far_field_z1,lower,far_field,z1,spectrum,37.847593836258724,0.026421758918845212,1.1401904290323686e-07,4.7109375,"[34.21604060459372, 42.34155674074955]",0.9823895559903996,42.8684237030914,1.0,0.04924812436657417,2.0763957405164053e-12,0.0035855130965770548,9.445232426602165e-06,True,[],profile_and_numerical_variants,passed,not_compared,"{""status"": ""passed"", ""reference_window"": ""Hann"", ""comparison_window"": ""Blackman"", ""amplitude_ratio"": 0.920319218794049, ""matched_period_angstrom"": 37.847593836258724}","{""half_x_bin_origin"": {""status"": ""consistent"", ""profile_status"": ""resolved_profile"", ""matched_period_angstrom"": 37.847593836258724, ""amplitude_ratio"": 0.9966429764999515, ""matched_amplitude_strain"": 9.413524559382642e-06}, ""smoothing_0.5_nn"": {""status"": ""consistent"", ""profile_status"": ""resolved_profile"", ""matched_period_angstrom"": 37.847593836258724, ""amplitude_ratio"": 1.0118060535165865, ""matched_amplitude_strain"": 9.556743346107229e-06}, ""smoothing_0.8_nn"": {""status"": ""consistent"", ""profile_status"": ""resolved_profile"", ""matched_period_angstrom"": 37.847593836258724, ""amplitude_ratio"": 0.9849730619869218, ""matched_amplitude_strain"": 9.303299504408498e-06}}",
lower_far_field_z1,lower,far_field,z1,spectrum,8.744099265618395,0.11436283711141958,9.231216666323918e-10,20.390625,"[8.534816411093496, 8.963903803324435]",0.9564514420320999,8.84927569802702,0.00809620606459402,0.0003987229631665383,1.681092778686611e-14,2.902905287718843e-05,8.49871813956305e-07,True,[],profile_and_numerical_variants,passed,not_compared,"{""status"": ""passed"", ""reference_window"": ""Hann"", ""comparison_window"": ""Blackman"", ""amplitude_ratio"": 1.0070525170040858, ""matched_period_angstrom"": 8.744099265618395}","{""half_x_bin_origin"": {""status"": ""consistent"", ""profile_status"": ""resolved_profile"", ""matched_period_angstrom"": 8.654569239007968, ""amplitude_ratio"": 0.5526947878329221, ""matched_amplitude_strain"": 4.697197218997607e-07}, ""smoothing_0.5_nn"": {""status"": ""consistent"", ""profile_status"": ""resolved_profile"", ""matched_period_angstrom"": 8.744099265618395, ""amplitude_ratio"": 1.2897991360521635, ""matched_amplitude_strain"": 1.0961639313959272e-06}, ""smoothing_0.8_nn"": {""status"": ""consistent"", ""profile_status"": ""resolved_profile"", ""matched_period_angstrom"": 8.744099265618395, ""amplitude_ratio"": 0.7159580004498322, ""matched_amplitude_strain"": 6.084725245588279e-07}}",
lower_far_field_z1,lower,far_field,z1,spectrum,10.308084500119246,0.09701123423934212,6.722943062927908e-10,17.296875,"[10.018480721362604, 10.614929806169307]",0.8594187158936727,4.957660457814441,0.005896333534945899,0.0002903833672358176,1.2243121836625706e-14,2.1141381111335005e-05,7.252766077792711e-07,True,[],profile_and_numerical_variants,passed,not_compared,"{""status"": ""passed"", ""reference_window"": ""Hann"", ""comparison_window"": ""Blackman"", ""amplitude_ratio"": 1.055867710671541, ""matched_period_angstrom"": 10.350158314405446}","{""half_x_bin_origin"": {""status"": ""consistent"", ""profile_status"": ""resolved_profile"", ""matched_period_angstrom"": 10.143155148117339, ""amplitude_ratio"": 0.993216795652374, ""matched_amplitude_strain"": 7.203569083401513e-07}, ""smoothing_0.5_nn"": {""status"": ""consistent"", ""profile_status"": ""resolved_profile"", ""matched_period_angstrom"": 10.266351364491232, ""amplitude_ratio"": 1.2231471478629719, ""matched_amplitude_strain"": 8.871200142169466e-07}, ""smoothing_0.8_nn"": {""status"": ""consistent"", ""profile_status"": ""resolved_profile"", ""matched_period_angstrom"": 10.350158314405446, ""amplitude_ratio"": 0.7770505664573765, ""matched_amplitude_strain"": 5.635765989131671e-07}}",
lower_far_field_z1,lower,far_field,z1,spectrum,14.916404629584322,0.0670402838239356,6.265269469643294e-10,11.953124999999998,"[14.317502561646181, 15.56759828326331]",0.9591753950104642,11.611473412341423,0.005494932521894929,0.0002706151202242145,1.14096544828877e-14,1.9702152522061453e-05,7.001544142517692e-07,True,[],profile_and_numerical_variants,passed,not_compared,"{""status"": ""passed"", ""reference_window"": ""Hann"", ""comparison_window"": ""Blackman"", ""amplitude_ratio"": 0.9841413967275329, ""matched_period_angstrom"": 15.004667378871801}","{""half_x_bin_origin"": {""status"": ""consistent"", ""profile_status"": ""resolved_profile"", ""matched_period_angstrom"": 14.916404629584322, ""amplitude_ratio"": 1.094095404945684, ""matched_amplitude_strain"": 7.660357273852976e-07}, ""smoothing_0.5_nn"": {""status"": ""consistent"", ""profile_status"": ""resolved_profile"", ""matched_period_angstrom"": 14.916404629584322, ""amplitude_ratio"": 1.0977918432532645, ""matched_amplitude_strain"": 7.686238049833594e-07}, ""smoothing_0.8_nn"": {""status"": ""consistent"", ""profile_status"": ""resolved_profile"", ""matched_period_angstrom"": 14.916404629584322, ""amplitude_ratio"": 0.8932620157060748, ""matched_amplitude_strain"": 6.254213433800414e-07}}",
lower_far_field_z1,lower,far_field,z1,spectrum,24.38258449066668,0.04101287951581943,5.626303431099985e-10,7.312499999999999,"[22.82209908326401, 26.172131976220196]",0.903921448880571,2.4670872929568506,0.004934529608246923,0.00024301632783748704,1.0246036260015999e-14,1.769282053581659e-05,6.634917528987105e-07,False,"[""window_sensitive_possible_leakage""]",profile_and_numerical_variants,passed,not_compared,"{""status"": ""failed"", ""reference_window"": ""Hann"", ""comparison_window"": ""Blackman"", ""amplitude_ratio"": null, ""matched_period_angstrom"": null}","{""half_x_bin_origin"": {""status"": ""consistent"", ""profile_status"": ""resolved_profile"", ""matched_period_angstrom"": 24.150369400279377, ""amplitude_ratio"": 1.0335219332722703, ""matched_amplitude_strain"": 6.857332791660826e-07}, ""smoothing_0.5_nn"": {""status"": ""consistent"", ""profile_status"": ""resolved_profile"", ""matched_period_angstrom"": 24.38258449066668, ""amplitude_ratio"": 1.003507629004043, ""matched_amplitude_strain"": 6.658190358151213e-07}, ""smoothing_0.8_nn"": {""status"": ""consistent"", ""profile_status"": ""resolved_profile"", ""matched_period_angstrom"": 24.38258449066668, ""amplitude_ratio"": 0.9878049766563298, ""matched_amplitude_strain"": 6.554004554837781e-07}}",
lower_far_field_z1,lower,far_field,z1,spectrum,7.3288693266743765,0.13644669531224543,4.976647922698258e-10,24.328125,"[7.181277244576466, 7.48265543713574]",0.9918901169124451,19.076884443286747,0.004364751532708207,0.00021495582631200901,9.062951490927773e-15,1.564987378383005e-05,6.240112400382925e-07,True,[],profile_and_numerical_variants,passed,not_compared,"{""status"": ""passed"", ""reference_window"": ""Hann"", ""comparison_window"": ""Blackman"", ""amplitude_ratio"": 1.0139780675283923, ""matched_period_angstrom"": 7.307748665790589}","{""half_x_bin_origin"": {""status"": ""consistent"", ""profile_status"": ""resolved_profile"", ""matched_period_angstrom"": 7.3288693266743765, ""amplitude_ratio"": 0.6396156909639253, ""matched_amplitude_strain"": 3.9912738046634836e-07}, ""smoothing_0.5_nn"": {""status"": ""consistent"", ""profile_status"": ""resolved_profile"", ""matched_period_angstrom"": 7.3288693266743765, ""amplitude_ratio"": 1.4409764939454006, ""matched_amplitude_strain"": 8.991855288529006e-07}, ""smoothing_0.8_nn"": {""status"": ""consistent"", ""profile_status"": ""resolved_profile"", ""matched_period_angstrom"": 7.350112426171984, ""amplitude_ratio"": 0.627885883883124, ""matched_amplitude_strain"": 3.918078490044476e-07}}",
lower_far_field_z1,lower,far_field,z1,spectrum,16.68282096729825,0.05994190083081302,2.9225411320987153e-10,10.6875,"[15.937220030212297, 17.501609726429454]",0.22788000257420823,0.29513547548819924,0.0025632044066349097,0.00012623300939490698,5.322226712009607e-15,9.190402969193487e-06,4.781941622116855e-07,False,"[""insufficient_local_prominence"", ""window_sensitive_possible_leakage"", ""numerical_variant_inconsistent""]",profile_and_numerical_variants,failed,not_compared,"{""status"": ""failed"", ""reference_window"": ""Hann"", ""comparison_window"": ""Blackman"", ""amplitude_ratio"": null, ""matched_period_angstrom"": null}","{""half_x_bin_origin"": {""status"": ""unresolved_or_inconsistent"", ""profile_status"": ""resolved_profile"", ""matched_period_angstrom"": null, ""amplitude_ratio"": null, ""matched_amplitude_strain"": null}, ""smoothing_0.5_nn"": {""status"": ""consistent"", ""profile_status"": ""resolved_profile"", ""matched_period_angstrom"": 16.573782921760355, ""amplitude_ratio"": 1.080793071621138, ""matched_amplitude_strain"": 5.168289374080644e-07}, ""smoothing_0.8_nn"": {""status"": ""unresolved_or_inconsistent"", ""profile_status"": ""resolved_profile"", ""matched_period_angstrom"": 16.793303225359832, ""amplitude_ratio"": 0.9104911380546911, ""matched_amplitude_strain"": 4.353915469632271e-07}}",
lower_far_field_z1,lower,far_field,z1,spectrum,19.357166313201024,0.05166045400550333,2.0614334822284604e-10,9.2109375,"[18.36049805572326, 20.468250298891487]",0.8759939590918078,0.6301283475872064,0.0018079729751616245,8.90392779321648e-05,3.75406738459437e-15,6.4825107806993865e-06,4.01613790151925e-07,False,"[""insufficient_local_prominence""]",profile_and_numerical_variants,passed,not_compared,"{""status"": ""passed"", ""reference_window"": ""Hann"", ""comparison_window"": ""Blackman"", ""amplitude_ratio"": 0.8134110610757067, ""matched_period_angstrom"": 19.966840842750667}","{""half_x_bin_origin"": {""status"": ""consistent"", ""profile_status"": ""resolved_profile"", ""matched_period_angstrom"": 19.357166313201024, ""amplitude_ratio"": 0.9929902972601463, ""matched_amplitude_strain"": 3.98798596866734e-07}, ""smoothing_0.5_nn"": {""status"": ""consistent"", ""profile_status"": ""resolved_profile"", ""matched_period_angstrom"": 19.50606759253334, ""amplitude_ratio"": 1.023747978368183, ""matched_amplitude_strain"": 4.111513057528169e-07}, ""smoothing_0.8_nn"": {""status"": ""consistent"", ""profile_status"": ""resolved_profile"", ""matched_period_angstrom"": 19.357166313201024, ""amplitude_ratio"": 0.9660474858900155, ""matched_amplitude_strain"": 3.879779922750274e-07}}",
lower_far_field_z1,lower,far_field,z1,spectrum,6.245785189727425,0.16010797195598742,1.0557447269619974e-10,28.546875,"[6.138273018629373, 6.357130663861841]",0.9925472935197722,27.705527219861352,0.0009259371944193247,4.560067010639967e-05,1.9226120464779963e-15,3.319959937198303e-06,2.874110189278145e-07,False,"[""numerical_variant_inconsistent""]",profile_and_numerical_variants,failed,not_compared,"{""status"": ""passed"", ""reference_window"": ""Hann"", ""comparison_window"": ""Blackman"", ""amplitude_ratio"": 0.9364307416239033, ""matched_period_angstrom"": 6.230439280170354}","{""half_x_bin_origin"": {""status"": ""unresolved_or_inconsistent"", ""profile_status"": ""resolved_profile"", ""matched_period_angstrom"": null, ""amplitude_ratio"": null, ""matched_amplitude_strain"": null}, ""smoothing_0.5_nn"": {""status"": ""consistent"", ""profile_status"": ""resolved_profile"", ""matched_period_angstrom"": 6.245785189727425, ""amplitude_ratio"": 1.7482286888952352, ""matched_amplitude_strain"": 5.024601887942168e-07}, ""smoothing_0.8_nn"": {""status"": ""consistent"", ""profile_status"": ""resolved_profile"", ""matched_period_angstrom"": 6.245785189727425, ""amplitude_ratio"": 0.49577067387198104, ""matched_amplitude_strain"": 1.424899545320753e-07}}",
lower_far_field_z1,lower,far_field,z1,spectrum,6.673128386919301,0.14985475207703255,4.971707010869236e-12,26.71875,"[6.550545087044779, 6.800387092748513]",0.19898673797970032,0.00938388425662258,4.360418123390594e-05,2.1474241403100393e-06,9.053953618278767e-17,1.563433628796892e-07,6.237013979310549e-08,False,"[""insufficient_local_prominence"", ""below_absolute_strain_amplitude_floor"", ""window_sensitive_possible_leakage"", ""numerical_variant_inconsistent""]",profile_and_numerical_variants,failed,not_compared,"{""status"": ""failed"", ""reference_window"": ""Hann"", ""comparison_window"": ""Blackman"", ""amplitude_ratio"": null, ""matched_period_angstrom"": null}","{""half_x_bin_origin"": {""status"": ""unresolved_or_inconsistent"", ""profile_status"": ""resolved_profile"", ""matched_period_angstrom"": 6.762103432078225, ""amplitude_ratio"": 3.4344545361251972, ""matched_amplitude_strain"": 2.1420740953119382e-07}, ""smoothing_0.5_nn"": {""status"": ""unresolved_or_inconsistent"", ""profile_status"": ""resolved_profile"", ""matched_period_angstrom"": 6.673128386919301, ""amplitude_ratio"": 1.3449674132423663, ""matched_amplitude_strain"": 8.388580558109787e-08}, ""smoothing_0.8_nn"": {""status"": ""unresolved_or_inconsistent"", ""profile_status"": ""resolved_profile"", ""matched_period_angstrom"": 6.673128386919301, ""amplitude_ratio"": 0.6637422021272, ""matched_amplitude_strain"": 4.1397693933257145e-08}}",
lower_near_all,lower,near,all,spectrum,19.357166313201024,0.05166045400550333,0.0015038614614881843,9.2109375,"[18.36049805572326, 20.468250298891487]",0.9869671938683499,18.705848640217067,1.0,1.0,2.738675447057445e-08,0.016034257587867935,0.0010847455293325984,True,[],profile_and_numerical_variants,passed,enhanced_near_gb,"{""status"": ""passed"", ""reference_window"": ""Hann"", ""comparison_window"": ""Blackman"", ""amplitude_ratio"": 1.0158522652231532, ""matched_period_angstrom"": 19.357166313201024}","{""half_x_bin_origin"": {""status"": ""consistent"", ""profile_status"": ""resolved_profile"", ""matched_period_angstrom"": 19.50606759253334, ""amplitude_ratio"": 1.012238753591268, ""matched_amplitude_strain"": 0.0010980214625753296}, ""smoothing_0.5_nn"": {""status"": ""consistent"", ""profile_status"": ""resolved_profile"", ""matched_period_angstrom"": 19.357166313201024, ""amplitude_ratio"": 1.0587057718199415, ""matched_amplitude_strain"": 0.0011484263528602997}, ""smoothing_0.8_nn"": {""status"": ""consistent"", ""profile_status"": ""resolved_profile"", ""matched_period_angstrom"": 19.357166313201024, ""amplitude_ratio"": 0.9320732163419724, ""matched_amplitude_strain"": 0.0010110622544376104}}","{""absolute_power_neighborhood_max_strain_squared"": 3.755521905567005e-15, ""absolute_power_ratio"": 7292396.412327576, ""matched_period_angstrom"": null, ""matched_amplitude_strain"": null, ""shared_actual_peak"": false, ""used_as_veto"": false}"
lower_near_all,lower,near,all,spectrum,39.01213518506668,0.025633049697387146,0.0011489506475237672,4.5703125,"[35.165021699944546, 43.804412827762015]",0.9996968059973235,57.73777328594351,0.764000326457461,0.764000326457461,2.092348935612921e-08,0.012250178031634123,0.0009481447419970372,True,[],profile_and_numerical_variants,passed,enhanced_near_gb_and_shared,"{""status"": ""passed"", ""reference_window"": ""Hann"", ""comparison_window"": ""Blackman"", ""amplitude_ratio"": 0.9990497952145432, ""matched_period_angstrom"": 39.01213518506668}","{""half_x_bin_origin"": {""status"": ""consistent"", ""profile_status"": ""resolved_profile"", ""matched_period_angstrom"": 39.62169979733335, ""amplitude_ratio"": 0.989747678329944, ""matched_amplitude_strain"": 0.0009384240571123114}, ""smoothing_0.5_nn"": {""status"": ""consistent"", ""profile_status"": ""resolved_profile"", ""matched_period_angstrom"": 39.01213518506668, ""amplitude_ratio"": 1.0123771711477187, ""matched_amplitude_strain"": 0.0009598800917415442}, ""smoothing_0.8_nn"": {""status"": ""consistent"", ""profile_status"": ""resolved_profile"", ""matched_period_angstrom"": 39.01213518506668, ""amplitude_ratio"": 0.9839620576801794, ""matched_amplitude_strain"": 0.0009329384513140476}}","{""absolute_power_neighborhood_max_strain_squared"": 2.0763384416348008e-12, ""absolute_power_ratio"": 10077.109269168635, ""matched_period_angstrom"": 37.847593836258724, ""matched_amplitude_strain"": 9.445102103422991e-06, ""shared_actual_peak"": true, ""used_as_veto"": false}"
lower_near_all,lower,near,all,spectrum,9.678583156600512,0.10332090801100666,0.0005411834570956421,18.421875,"[9.422831991438484, 9.94860465704621]",0.9933117875095341,33.059844100687165,0.3598625744156648,0.3598625744156648,9.855467968670638e-09,0.005770129214414062,0.0006507230792516245,True,[],profile_and_numerical_variants,passed,enhanced_near_gb,"{""status"": ""passed"", ""reference_window"": ""Hann"", ""comparison_window"": ""Blackman"", ""amplitude_ratio"": 1.0065736517452744, ""matched_period_angstrom"": 9.678583156600512}","{""half_x_bin_origin"": {""status"": ""consistent"", ""profile_status"": ""resolved_profile"", ""matched_period_angstrom"": 9.715665850687104, ""amplitude_ratio"": 0.8679316309913179, ""matched_amplitude_strain"": 0.0005647831434985551}, ""smoothing_0.5_nn"": {""status"": ""consistent"", ""profile_status"": ""resolved_profile"", ""matched_period_angstrom"": 9.678583156600512, ""amplitude_ratio"": 1.2531803760046454, ""matched_amplitude_strain"": 0.0008154733931314515}, ""smoothing_0.8_nn"": {""status"": ""consistent"", ""profile_status"": ""resolved_profile"", ""matched_period_angstrom"": 9.678583156600512, ""amplitude_ratio"": 0.7511664045795907, ""matched_amplitude_strain"": 0.0004888013158184029}}","{""absolute_power_neighborhood_max_strain_squared"": 1.0800384740877727e-14, ""absolute_power_ratio"": 912510.8230051537, ""matched_period_angstrom"": null, ""matched_amplitude_strain"": null, ""shared_actual_peak"": false, ""used_as_veto"": false}"
lower_near_all,lower,near,all,spectrum,12.93769789300681,0.07729350370289047,0.00040311343419166583,13.781249999999998,"[12.484736916446396, 13.42476416662589]",0.9962379307567136,49.80106758816855,0.2680522405253704,0.2680522405253704,7.341080896555686e-09,0.0042980186715889206,0.0005616135658988886,True,[],profile_and_numerical_variants,passed,enhanced_near_gb,"{""status"": ""passed"", ""reference_window"": ""Hann"", ""comparison_window"": ""Blackman"", ""amplitude_ratio"": 1.0074459463873395, ""matched_period_angstrom"": 12.93769789300681}","{""half_x_bin_origin"": {""status"": ""consistent"", ""profile_status"": ""resolved_profile"", ""matched_period_angstrom"": 12.93769789300681, ""amplitude_ratio"": 1.0082890191877942, ""matched_amplitude_strain"": 0.00056626879152275}, ""smoothing_0.5_nn"": {""status"": ""consistent"", ""profile_status"": ""resolved_profile"", ""matched_period_angstrom"": 12.93769789300681, ""amplitude_ratio"": 1.126280639428953, ""matched_amplitude_strain"": 0.0006325344861125747}, ""smoothing_0.8_nn"": {""status"": ""consistent"", ""profile_status"": ""resolved_profile"", ""matched_period_angstrom"": 12.93769789300681, ""amplitude_ratio"": 0.8551362510765297, ""matched_amplitude_strain"": 0.00048025611929649714}}","{""absolute_power_neighborhood_max_strain_squared"": 1.2227235554068085e-15, ""absolute_power_ratio"": 6003876.235224125, ""matched_period_angstrom"": null, ""matched_amplitude_strain"": null, ""shared_actual_peak"": false, ""used_as_veto"": false}"
lower_near_all,lower,near,all,spectrum,6.387377297303109,0.15655878045942612,2.3123161622368594e-05,27.9140625,"[6.274979126550456, 6.503875486823599]",0.7489556733990161,2.372504707016291,0.015375858890277355,0.015375858890277355,4.2109487220222525e-10,0.0002465404820814163,0.000134507828425581,True,[],profile_and_numerical_variants,passed,enhanced_near_gb,"{""status"": ""passed"", ""reference_window"": ""Hann"", ""comparison_window"": ""Blackman"", ""amplitude_ratio"": 1.0594664230525557, ""matched_period_angstrom"": 6.387377297303109}","{""half_x_bin_origin"": {""status"": ""consistent"", ""profile_status"": ""resolved_profile"", ""matched_period_angstrom"": 6.518737241720654, ""amplitude_ratio"": 0.9542068451531571, ""matched_amplitude_strain"": 0.0001283482906103758}, ""smoothing_0.5_nn"": {""status"": ""consistent"", ""profile_status"": ""resolved_profile"", ""matched_period_angstrom"": 6.387377297303109, ""amplitude_ratio"": 1.7086617647602296, ""matched_amplitude_strain"": 0.0002298283834917194}, ""smoothing_0.8_nn"": {""status"": ""consistent"", ""profile_status"": ""resolved_profile"", ""matched_period_angstrom"": 6.403507037952864, ""amplitude_ratio"": 0.5144055845623855, ""matched_amplitude_strain"": 6.919157810947805e-05}}","{""absolute_power_neighborhood_max_strain_squared"": 1.9202533034594097e-15, ""absolute_power_ratio"": 219291.31507994636, ""matched_period_angstrom"": null, ""matched_amplitude_strain"": null, ""shared_actual_peak"": false, ""used_as_veto"": false}"
lower_near_all,lower,near,all,spectrum,8.233080477367968,0.12146122010454218,1.3129453866054873e-05,21.65625,"[8.047284585071935, 8.427658450245202]",0.6521045392776587,1.131980189411468,0.008730494265783158,0.008730494265783158,2.3909990286376153e-10,0.0001399869939269711,0.00010135549164538633,False,"[""insufficient_local_prominence""]",profile_and_numerical_variants,passed,enhanced_near_gb,"{""status"": ""passed"", ""reference_window"": ""Hann"", ""comparison_window"": ""Blackman"", ""amplitude_ratio"": 0.9757136179790761, ""matched_period_angstrom"": 8.25989832908578}","{""half_x_bin_origin"": {""status"": ""consistent"", ""profile_status"": ""resolved_profile"", ""matched_period_angstrom"": 8.509358345736022, ""amplitude_ratio"": 0.923013498639669, ""matched_amplitude_strain"": 9.355248694995177e-05}, ""smoothing_0.5_nn"": {""status"": ""consistent"", ""profile_status"": ""resolved_profile"", ""matched_period_angstrom"": 8.206436203978429, ""amplitude_ratio"": 1.217884191112739, ""matched_amplitude_strain"": 0.0001234392509573753}, ""smoothing_0.8_nn"": {""status"": ""consistent"", ""profile_status"": ""resolved_profile"", ""matched_period_angstrom"": 8.25989832908578, ""amplitude_ratio"": 0.7158075005132475, ""matched_amplitude_strain"": 7.255102113797533e-05}}","{""absolute_power_neighborhood_max_strain_squared"": 1.2101881906904607e-14, ""absolute_power_ratio"": 19757.249715628564, ""matched_period_angstrom"": null, ""matched_amplitude_strain"": null, ""shared_actual_peak"": false, ""used_as_veto"": false}"
lower_near_all,lower,near,all,spectrum,11.025168639257977,0.09070156046767759,2.794140077960525e-06,16.171875,"[10.694516908746023, 11.376918785276176]",0.4572424395290418,0.0055122676245912446,0.0018579770474306274,0.0018579770474306274,5.088396120994545e-11,2.9791282570848996e-05,4.675715103109673e-05,False,"[""insufficient_local_prominence"", ""window_sensitive_possible_leakage"", ""numerical_variant_inconsistent""]",profile_and_numerical_variants,failed,enhanced_near_gb,"{""status"": ""failed"", ""reference_window"": ""Hann"", ""comparison_window"": ""Blackman"", ""amplitude_ratio"": null, ""matched_period_angstrom"": null}","{""half_x_bin_origin"": {""status"": ""unresolved_or_inconsistent"", ""profile_status"": ""resolved_profile"", ""matched_period_angstrom"": null, ""amplitude_ratio"": null, ""matched_amplitude_strain"": null}, ""smoothing_0.5_nn"": {""status"": ""consistent"", ""profile_status"": ""resolved_profile"", ""matched_period_angstrom"": 11.073313480477443, ""amplitude_ratio"": 1.0294298893388918, ""matched_amplitude_strain"": 4.8133208811743756e-05}, ""smoothing_0.8_nn"": {""status"": ""consistent"", ""profile_status"": ""resolved_profile"", ""matched_period_angstrom"": 11.025168639257977, ""amplitude_ratio"": 0.8647859625959933, ""matched_amplitude_strain"": 4.043492786267322e-05}}","{""absolute_power_neighborhood_max_strain_squared"": 1.0904732884111082e-14, ""absolute_power_ratio"": 4666.227201593058, ""matched_period_angstrom"": null, ""matched_amplitude_strain"": null, ""shared_actual_peak"": false, ""used_as_veto"": false}"
lower_near_z0,lower,near,z0,spectrum,19.357166313201024,0.05166045400550333,0.001503861213368751,9.2109375,"[18.36049805572326, 20.468250298891487]",0.9869672112369772,18.70586257887584,1.0,1.0,2.738674995208244e-08,0.016034253658064435,0.0010847454398474749,True,[],profile_and_numerical_variants,passed,enhanced_near_gb,"{""status"": ""passed"", ""reference_window"": ""Hann"", ""comparison_window"": ""Blackman"", ""amplitude_ratio"": 1.0158522595554185, ""matched_period_angstrom"": 19.357166313201024}","{""half_x_bin_origin"": {""status"": ""consistent"", ""profile_status"": ""resolved_profile"", ""matched_period_angstrom"": 19.50606759253334, ""amplitude_ratio"": 1.0122385837624301, ""matched_amplitude_strain"": 0.0010980211877739624}, ""smoothing_0.5_nn"": {""status"": ""consistent"", ""profile_status"": ""resolved_profile"", ""matched_period_angstrom"": 19.357166313201024, ""amplitude_ratio"": 1.0587057686509522, ""matched_amplitude_strain"": 0.001148426254684336}, ""smoothing_0.8_nn"": {""status"": ""consistent"", ""profile_status"": ""resolved_profile"", ""matched_period_angstrom"": 19.357166313201024, ""amplitude_ratio"": 0.9320732175639017, ""matched_amplitude_strain"": 0.0010110621723564057}}","{""absolute_power_neighborhood_max_strain_squared"": 3.756976915310867e-15, ""absolute_power_ratio"": 7289570.995358739, ""matched_period_angstrom"": null, ""matched_amplitude_strain"": null, ""shared_actual_peak"": false, ""used_as_veto"": false}"
lower_near_z0,lower,near,z0,spectrum,39.01213518506668,0.025633049697387146,0.0011489504161361884,4.5703125,"[35.165021699944546, 43.804412827762015]",0.9996968061291762,57.73780344874566,0.7640002986462172,0.7640002986462172,2.092348514234026e-08,0.012250174583330428,0.0009481446465234295,True,[],profile_and_numerical_variants,passed,enhanced_near_gb_and_shared,"{""status"": ""passed"", ""reference_window"": ""Hann"", ""comparison_window"": ""Blackman"", ""amplitude_ratio"": 0.9990497779325184, ""matched_period_angstrom"": 39.01213518506668}","{""half_x_bin_origin"": {""status"": ""consistent"", ""profile_status"": ""resolved_profile"", ""matched_period_angstrom"": 39.62169979733335, ""amplitude_ratio"": 0.9897476839369876, ""matched_amplitude_strain"": 0.0009384239679338181}, ""smoothing_0.5_nn"": {""status"": ""consistent"", ""profile_status"": ""resolved_profile"", ""matched_period_angstrom"": 39.01213518506668, ""amplitude_ratio"": 1.0123771669850552, ""matched_amplitude_strain"": 0.000959879991139436}, ""smoothing_0.8_nn"": {""status"": ""consistent"", ""profile_status"": ""resolved_profile"", ""matched_period_angstrom"": 39.01213518506668, ""amplitude_ratio"": 0.9839620591953206, ""matched_amplitude_strain"": 0.0009329383588082131}}","{""absolute_power_neighborhood_max_strain_squared"": 2.076281148087391e-12, ""absolute_power_ratio"": 10077.38531056565, ""matched_period_angstrom"": 37.847593836258724, ""matched_amplitude_strain"": 9.444971790578185e-06, ""shared_actual_peak"": true, ""used_as_veto"": false}"
lower_near_z0,lower,near,z0,spectrum,9.678583156600512,0.10332090801100666,0.0005411840764164284,18.421875,"[9.422831991438484, 9.94860465704621]",0.9933115510649572,33.05922432854395,0.3598630456092018,0.3598630456092018,9.85547924709405e-09,0.005770135355461553,0.0006507234515895153,True,[],profile_and_numerical_variants,passed,enhanced_near_gb,"{""status"": ""passed"", ""reference_window"": ""Hann"", ""comparison_window"": ""Blackman"", ""amplitude_ratio"": 1.00657376261328, ""matched_period_angstrom"": 9.678583156600512}","{""half_x_bin_origin"": {""status"": ""consistent"", ""profile_status"": ""resolved_profile"", ""matched_period_angstrom"": 9.715665850687104, ""amplitude_ratio"": 0.8679302397395978, ""matched_amplitude_strain"": 0.0005647825613422666}, ""smoothing_0.5_nn"": {""status"": ""consistent"", ""profile_status"": ""resolved_profile"", ""matched_period_angstrom"": 9.678583156600512, ""amplitude_ratio"": 1.2531803970658766, ""matched_amplitude_strain"": 0.0008154738734430265}, ""smoothing_0.8_nn"": {""status"": ""consistent"", ""profile_status"": ""resolved_profile"", ""matched_period_angstrom"": 9.678583156600512, ""amplitude_ratio"": 0.7511663931150216, ""matched_amplitude_strain"": 0.0004888015880458536}}","{""absolute_power_neighborhood_max_strain_squared"": 1.0798080090148117e-14, ""absolute_power_ratio"": 912706.6260682701, ""matched_period_angstrom"": null, ""matched_amplitude_strain"": null, ""shared_actual_peak"": false, ""used_as_veto"": false}"
lower_near_z0,lower,near,z0,spectrum,12.93769789300681,0.07729350370289047,0.00040311342402089156,13.781249999999998,"[12.484736916446396, 13.42476416662589]",0.9962379433357725,49.801372236353984,0.2680522779877341,0.2680522779877341,7.3410807113361665e-09,0.00429801821887733,0.0005616135588139786,True,[],profile_and_numerical_variants,passed,enhanced_near_gb,"{""status"": ""passed"", ""reference_window"": ""Hann"", ""comparison_window"": ""Blackman"", ""amplitude_ratio"": 1.0074459537464848, ""matched_period_angstrom"": 12.93769789300681}","{""half_x_bin_origin"": {""status"": ""consistent"", ""profile_status"": ""resolved_profile"", ""matched_period_angstrom"": 12.93769789300681, ""amplitude_ratio"": 1.00828883416288, ""matched_amplitude_strain"": 0.0005662686804666125}, ""smoothing_0.5_nn"": {""status"": ""consistent"", ""profile_status"": ""resolved_profile"", ""matched_period_angstrom"": 12.93769789300681, ""amplitude_ratio"": 1.1262806347495598, ""matched_amplitude_strain"": 0.000632534475504967}, ""smoothing_0.8_nn"": {""status"": ""consistent"", ""profile_status"": ""resolved_profile"", ""matched_period_angstrom"": 12.93769789300681, ""amplitude_ratio"": 0.8551362555066302, ""matched_amplitude_strain"": 0.00048025611572593825}}","{""absolute_power_neighborhood_max_strain_squared"": 1.2223964284023643e-15, ""absolute_power_ratio"": 6005482.78837066, ""matched_period_angstrom"": null, ""matched_amplitude_strain"": null, ""shared_actual_peak"": false, ""used_as_veto"": false}"
lower_near_z0,lower,near,z0,spectrum,6.387377297303109,0.15655878045942612,2.3123204968738663e-05,27.9140625,"[6.274979126550456, 6.503875486823599]",0.7489550468904032,2.372498554310642,0.015375890250497994,0.015375890250497994,4.210956615810508e-10,0.0002465409244950447,0.00013450795449881163,True,[],profile_and_numerical_variants,passed,enhanced_near_gb,"{""status"": ""passed"", ""reference_window"": ""Hann"", ""comparison_window"": ""Blackman"", ""amplitude_ratio"": 1.0594664323350658, ""matched_period_angstrom"": 6.387377297303109}","{""half_x_bin_origin"": {""status"": ""consistent"", ""profile_status"": ""resolved_profile"", ""matched_period_angstrom"": 6.518737241720654, ""amplitude_ratio"": 0.9542041772782456, ""matched_amplitude_strain"": 0.00012834805205991825}, ""smoothing_0.5_nn"": {""status"": ""consistent"", ""profile_status"": ""resolved_profile"", ""matched_period_angstrom"": 6.387377297303109, ""amplitude_ratio"": 1.7086616767563898, ""matched_amplitude_strain"": 0.00022982858707101166}, ""smoothing_0.8_nn"": {""status"": ""consistent"", ""profile_status"": ""resolved_profile"", ""matched_period_angstrom"": 6.403507037952864, ""amplitude_ratio"": 0.5144056804464269, ""matched_amplitude_strain"": 6.919165585941823e-05}}","{""absolute_power_neighborhood_max_strain_squared"": 1.9178960729859917e-15, ""absolute_power_ratio"": 219561.2512650087, ""matched_period_angstrom"": null, ""matched_amplitude_strain"": null, ""shared_actual_peak"": false, ""used_as_veto"": false}"
lower_near_z0,lower,near,z0,spectrum,8.233080477367968,0.12146122010454218,1.3129487819116445e-05,21.65625,"[8.047284585071935, 8.427658450245202]",0.6521072244833624,1.1319922542471677,0.008730518283469458,0.008730518283469458,2.391005211814621e-10,0.0001399873447235186,0.00010135562269908661,False,"[""insufficient_local_prominence""]",profile_and_numerical_variants,passed,enhanced_near_gb,"{""status"": ""passed"", ""reference_window"": ""Hann"", ""comparison_window"": ""Blackman"", ""amplitude_ratio"": 0.9757111630340597, ""matched_period_angstrom"": 8.25989832908578}","{""half_x_bin_origin"": {""status"": ""consistent"", ""profile_status"": ""resolved_profile"", ""matched_period_angstrom"": 8.509358345736022, ""amplitude_ratio"": 0.9230012921751928, ""matched_amplitude_strain"": 9.355137072047824e-05}, ""smoothing_0.5_nn"": {""status"": ""consistent"", ""profile_status"": ""resolved_profile"", ""matched_period_angstrom"": 8.206436203978429, ""amplitude_ratio"": 1.217884559253953, ""matched_amplitude_strain"": 0.00012343944787878704}, ""smoothing_0.8_nn"": {""status"": ""consistent"", ""profile_status"": ""resolved_profile"", ""matched_period_angstrom"": 8.25989832908578, ""amplitude_ratio"": 0.7158074520536085, ""matched_amplitude_strain"": 7.255111003554008e-05}}","{""absolute_power_neighborhood_max_strain_squared"": 1.213869673100259e-14, ""absolute_power_ratio"": 19697.379914829926, ""matched_period_angstrom"": null, ""matched_amplitude_strain"": null, ""shared_actual_peak"": false, ""used_as_veto"": false}"
lower_near_z0,lower,near,z0,spectrum,11.025168639257977,0.09070156046767759,2.7941554264644216e-06,16.171875,"[10.694516908746023, 11.376918785276176]",0.45724724941437445,0.005512360964355582,0.0018579875600390836,0.0018579875600390836,5.0884240720870147e-11,2.979144383119489e-05,4.6757279451882594e-05,False,"[""insufficient_local_prominence"", ""window_sensitive_possible_leakage"", ""numerical_variant_inconsistent""]",profile_and_numerical_variants,failed,enhanced_near_gb,"{""status"": ""failed"", ""reference_window"": ""Hann"", ""comparison_window"": ""Blackman"", ""amplitude_ratio"": null, ""matched_period_angstrom"": null}","{""half_x_bin_origin"": {""status"": ""unresolved_or_inconsistent"", ""profile_status"": ""resolved_profile"", ""matched_period_angstrom"": null, ""amplitude_ratio"": null, ""matched_amplitude_strain"": null}, ""smoothing_0.5_nn"": {""status"": ""consistent"", ""profile_status"": ""resolved_profile"", ""matched_period_angstrom"": 11.073313480477443, ""amplitude_ratio"": 1.029430725893669, ""matched_amplitude_strain"": 4.8133380126964636e-05}, ""smoothing_0.8_nn"": {""status"": ""consistent"", ""profile_status"": ""resolved_profile"", ""matched_period_angstrom"": 11.025168639257977, ""amplitude_ratio"": 0.8647856857989008, ""matched_amplitude_strain"": 4.043502597688714e-05}}","{""absolute_power_neighborhood_max_strain_squared"": 1.0905690298350563e-14, ""absolute_power_ratio"": 4665.843181753122, ""matched_period_angstrom"": null, ""matched_amplitude_strain"": null, ""shared_actual_peak"": false, ""used_as_veto"": false}"
lower_near_z1,lower,near,z1,spectrum,19.357166313201024,0.05166045400550333,0.001503861709607691,9.2109375,"[18.36049805572326, 20.468250298891487]",0.9869671764997096,18.705834701577125,1.0,1.0,2.7386758989067797e-08,0.016034261517378995,0.0010847456188177408,True,[],profile_and_numerical_variants,passed,enhanced_near_gb,"{""status"": ""passed"", ""reference_window"": ""Hann"", ""comparison_window"": ""Blackman"", ""amplitude_ratio"": 1.0158522708908908, ""matched_period_angstrom"": 19.357166313201024}","{""half_x_bin_origin"": {""status"": ""consistent"", ""profile_status"": ""resolved_profile"", ""matched_period_angstrom"": 19.50606759253334, ""amplitude_ratio"": 1.012238923420061, ""matched_amplitude_strain"": 0.001098021737376698}, ""smoothing_0.5_nn"": {""status"": ""consistent"", ""profile_status"": ""resolved_profile"", ""matched_period_angstrom"": 19.357166313201024, ""amplitude_ratio"": 1.0587057749889315, ""matched_amplitude_strain"": 0.0011484264510362844}, ""smoothing_0.8_nn"": {""status"": ""consistent"", ""profile_status"": ""resolved_profile"", ""matched_period_angstrom"": 19.357166313201024, ""amplitude_ratio"": 0.9320732151200425, ""matched_amplitude_strain"": 0.0010110623365188318}}","{""absolute_power_neighborhood_max_strain_squared"": 3.75406738459437e-15, ""absolute_power_ratio"": 7295223.06963783, ""matched_period_angstrom"": null, ""matched_amplitude_strain"": null, ""shared_actual_peak"": false, ""used_as_veto"": false}"
lower_near_z1,lower,near,z1,spectrum,39.01213518506668,0.025633049697387146,0.0011489508789114381,4.5703125,"[35.165021699944546, 43.804412827762015]",0.9996968058654687,57.73774312316369,0.7640003542687196,0.7640003542687196,2.092349356991984e-08,0.01225018147971485,0.0009481448374706737,True,[],profile_and_numerical_variants,passed,enhanced_near_gb_and_shared,"{""status"": ""passed"", ""reference_window"": ""Hann"", ""comparison_window"": ""Blackman"", ""amplitude_ratio"": 0.9990498124965737, ""matched_period_angstrom"": 39.01213518506668}","{""half_x_bin_origin"": {""status"": ""consistent"", ""profile_status"": ""resolved_profile"", ""matched_period_angstrom"": 39.62169979733335, ""amplitude_ratio"": 0.989747672722886, ""matched_amplitude_strain"": 0.0009384241462908183}, ""smoothing_0.5_nn"": {""status"": ""consistent"", ""profile_status"": ""resolved_profile"", ""matched_period_angstrom"": 39.01213518506668, ""amplitude_ratio"": 1.0123771753103836, ""matched_amplitude_strain"": 0.0009598801923436835}, ""smoothing_0.8_nn"": {""status"": ""consistent"", ""profile_status"": ""resolved_profile"", ""matched_period_angstrom"": 39.01213518506668, ""amplitude_ratio"": 0.9839620561650364, ""matched_amplitude_strain"": 0.0009329385438199084}}","{""absolute_power_neighborhood_max_strain_squared"": 2.0763957405164053e-12, ""absolute_power_ratio"": 10076.833217118867, ""matched_period_angstrom"": 37.847593836258724, ""matched_amplitude_strain"": 9.445232426602165e-06, ""shared_actual_peak"": true, ""used_as_veto"": false}"
lower_near_z1,lower,near,z1,spectrum,9.678583156600512,0.10332090801100666,0.0005411828377808722,18.421875,"[9.422831991438484, 9.94860465704621]",0.9933120238751106,33.06046374920703,0.3598621032262663,0.3598621032262663,9.855456690356793e-09,0.0057701230733239895,0.000650722706917138,True,[],profile_and_numerical_variants,passed,enhanced_near_gb,"{""status"": ""passed"", ""reference_window"": ""Hann"", ""comparison_window"": ""Blackman"", ""amplitude_ratio"": 1.0065735408826766, ""matched_period_angstrom"": 9.678583156600512}","{""half_x_bin_origin"": {""status"": ""consistent"", ""profile_status"": ""resolved_profile"", ""matched_period_angstrom"": 9.715665850687104, ""amplitude_ratio"": 0.8679330222425153, ""matched_amplitude_strain"": 0.0005647837256564221}, ""smoothing_0.5_nn"": {""status"": ""consistent"", ""profile_status"": ""resolved_profile"", ""matched_period_angstrom"": 9.678583156600512, ""amplitude_ratio"": 1.2531803549441674, ""matched_amplitude_strain"": 0.0008154729128246483}, ""smoothing_0.8_nn"": {""status"": ""consistent"", ""profile_status"": ""resolved_profile"", ""matched_period_angstrom"": 9.678583156600512, ""amplitude_ratio"": 0.7511664160438426, ""matched_amplitude_strain"": 0.0004888010435932943}}","{""absolute_power_neighborhood_max_strain_squared"": 1.0802690078554323e-14, ""absolute_power_ratio"": 912315.0454831623, ""matched_period_angstrom"": null, ""matched_amplitude_strain"": null, ""shared_actual_peak"": false, ""used_as_veto"": false}"
lower_near_z1,lower,near,z1,spectrum,12.93769789300681,0.07729350370289047,0.0004031134443625117,13.781249999999998,"[12.484736916446396, 13.42476416662589]",0.9962379181772937,49.800762942624544,0.2680522030630536,0.2680522030630536,7.34108108177651e-09,0.00429801912422258,0.0005616135729838485,True,[],profile_and_numerical_variants,passed,enhanced_near_gb,"{""status"": ""passed"", ""reference_window"": ""Hann"", ""comparison_window"": ""Blackman"", ""amplitude_ratio"": 1.0074459390282149, ""matched_period_angstrom"": 12.93769789300681}","{""half_x_bin_origin"": {""status"": ""consistent"", ""profile_status"": ""resolved_profile"", ""matched_period_angstrom"": 12.93769789300681, ""amplitude_ratio"": 1.0082892042126201, ""matched_amplitude_strain"": 0.0005662689025788908}, ""smoothing_0.5_nn"": {""status"": ""consistent"", ""profile_status"": ""resolved_profile"", ""matched_period_angstrom"": 12.93769789300681, ""amplitude_ratio"": 1.126280644108351, ""matched_amplitude_strain"": 0.0006325344967202414}, ""smoothing_0.8_nn"": {""status"": ""consistent"", ""profile_status"": ""resolved_profile"", ""matched_period_angstrom"": 12.93769789300681, ""amplitude_ratio"": 0.8551362466464304, ""matched_amplitude_strain"": 0.00048025612286709934}}","{""absolute_power_neighborhood_max_strain_squared"": 1.2230511242277186e-15, ""absolute_power_ratio"": 6002268.37321453, ""matched_period_angstrom"": null, ""matched_amplitude_strain"": null, ""shared_actual_peak"": false, ""used_as_veto"": false}"
lower_near_z1,lower,near,z1,spectrum,6.387377297303109,0.15655878045942612,2.312311827604358e-05,27.9140625,"[6.274979126550456, 6.503875486823599]",0.7489562999073205,2.3725108597390236,0.015375827530096272,0.015375827530096272,4.210940828242202e-10,0.0002465400396636792,0.00013450770235236327,True,[],profile_and_numerical_variants,passed,enhanced_near_gb,"{""status"": ""passed"", ""reference_window"": ""Hann"", ""comparison_window"": ""Blackman"", ""amplitude_ratio"": 1.0594664137700966, ""matched_period_angstrom"": 6.387377297303109}","{""half_x_bin_origin"": {""status"": ""consistent"", ""profile_status"": ""resolved_profile"", ""matched_period_angstrom"": 6.518737241720654, ""amplitude_ratio"": 0.9542095130341754, ""matched_amplitude_strain"": 0.00012834852916099437}, ""smoothing_0.5_nn"": {""status"": ""consistent"", ""profile_status"": ""resolved_profile"", ""matched_period_angstrom"": 6.387377297303109, ""amplitude_ratio"": 1.7086618527642086, ""matched_amplitude_strain"": 0.0002298281799124457}, ""smoothing_0.8_nn"": {""status"": ""consistent"", ""profile_status"": ""resolved_profile"", ""matched_period_angstrom"": 6.403507037952864, ""amplitude_ratio"": 0.5144054886782254, ""matched_amplitude_strain"": 6.919150035955272e-05}}","{""absolute_power_neighborhood_max_strain_squared"": 1.9226120464779963e-15, ""absolute_power_ratio"": 219021.86850208082, ""matched_period_angstrom"": null, ""matched_amplitude_strain"": null, ""shared_actual_peak"": false, ""used_as_veto"": false}"
lower_near_z1,lower,near,z1,spectrum,8.233080477367968,0.12146122010454218,1.3129419913042759e-05,21.65625,"[8.047284585071935, 8.427658450245202]",0.6521018540492324,1.1319681246416038,0.008730470248137244,0.008730470248137244,2.3909928454696166e-10,0.00013998664312832928,0.00010135536059170749,False,"[""insufficient_local_prominence""]",profile_and_numerical_variants,passed,enhanced_near_gb,"{""status"": ""passed"", ""reference_window"": ""Hann"", ""comparison_window"": ""Blackman"", ""amplitude_ratio"": 0.9757160729918509, ""matched_period_angstrom"": 8.25989832908578}","{""half_x_bin_origin"": {""status"": ""consistent"", ""profile_status"": ""resolved_profile"", ""matched_period_angstrom"": 8.509358345736022, ""amplitude_ratio"": 0.9230257055979675, ""matched_amplitude_strain"": 9.355360322629723e-05}, ""smoothing_0.5_nn"": {""status"": ""consistent"", ""profile_status"": ""resolved_profile"", ""matched_period_angstrom"": 8.206436203978429, ""amplitude_ratio"": 1.2178838229705027, ""matched_amplitude_strain"": 0.00012343905403598254}, ""smoothing_0.8_nn"": {""status"": ""consistent"", ""profile_status"": ""resolved_profile"", ""matched_period_angstrom"": 8.25989832908578, ""amplitude_ratio"": 0.7158075489745873, ""matched_amplitude_strain"": 7.255093224058562e-05}}","{""absolute_power_neighborhood_max_strain_squared"": 1.2065367882160957e-14, ""absolute_power_ratio"": 19816.9908188608, ""matched_period_angstrom"": null, ""matched_amplitude_strain"": null, ""shared_actual_peak"": false, ""used_as_veto"": false}"
lower_near_z1,lower,near,z1,spectrum,11.025168639257977,0.09070156046767759,2.7941247295497946e-06,16.171875,"[10.694516908746023, 11.376918785276176]",0.45723762955668307,0.005512174284767845,0.0018579665348875008,0.0018579665348875008,5.088368170071741e-11,2.979112131092465e-05,4.6757022610737663e-05,False,"[""insufficient_local_prominence"", ""window_sensitive_possible_leakage"", ""numerical_variant_inconsistent""]",profile_and_numerical_variants,failed,enhanced_near_gb,"{""status"": ""failed"", ""reference_window"": ""Hann"", ""comparison_window"": ""Blackman"", ""amplitude_ratio"": null, ""matched_period_angstrom"": null}","{""half_x_bin_origin"": {""status"": ""unresolved_or_inconsistent"", ""profile_status"": ""resolved_profile"", ""matched_period_angstrom"": null, ""amplitude_ratio"": null, ""matched_amplitude_strain"": null}, ""smoothing_0.5_nn"": {""status"": ""consistent"", ""profile_status"": ""resolved_profile"", ""matched_period_angstrom"": 11.073313480477443, ""amplitude_ratio"": 1.029429052783075, ""matched_amplitude_strain"": 4.813303749712849e-05}, ""smoothing_0.8_nn"": {""status"": ""consistent"", ""profile_status"": ""resolved_profile"", ""matched_period_angstrom"": 11.025168639257977, ""amplitude_ratio"": 0.8647862393940828, ""matched_amplitude_strain"": 4.0434829748803926e-05}}","{""absolute_power_neighborhood_max_strain_squared"": 1.0903775727556942e-14, ""absolute_power_ratio"": 4666.611178742412, ""matched_period_angstrom"": null, ""matched_amplitude_strain"": null, ""shared_actual_peak"": false, ""used_as_veto"": false}"
lower_middle_all,lower,middle,all,spectrum,39.62169979733335,0.025238695086658113,0.00010637897074734316,4.5,"[35.65952981760002, 44.57441227200002]",0.9985675276043264,75.6782649761237,1.0,0.9977175336525084,1.9372627248569193e-09,0.0196402732002572,0.0002885040046688026,True,[],profile_and_numerical_variants,passed,enhanced_near_gb_and_shared,"{""status"": ""passed"", ""reference_window"": ""Hann"", ""comparison_window"": ""Blackman"", ""amplitude_ratio"": 0.9942299402344353, ""matched_period_angstrom"": 39.01213518506668}","{""half_x_bin_origin"": {""status"": ""consistent"", ""profile_status"": ""resolved_profile"", ""matched_period_angstrom"": 39.62169979733335, ""amplitude_ratio"": 0.9989586655225833, ""matched_amplitude_strain"": 0.00028820357550186817}, ""smoothing_0.5_nn"": {""status"": ""consistent"", ""profile_status"": ""resolved_profile"", ""matched_period_angstrom"": 39.62169979733335, ""amplitude_ratio"": 1.0150519012133081, ""matched_amplitude_strain"": 0.0002928465384467212}, ""smoothing_0.8_nn"": {""status"": ""consistent"", ""profile_status"": ""resolved_profile"", ""matched_period_angstrom"": 39.62169979733335, ""amplitude_ratio"": 0.9818390129978133, ""matched_amplitude_strain"": 0.00028326448718993366}}","{""absolute_power_neighborhood_max_strain_squared"": 2.0763384416348008e-12, ""absolute_power_ratio"": 933.0187632280312, ""matched_period_angstrom"": 37.847593836258724, ""matched_amplitude_strain"": 9.445102103422991e-06, ""shared_actual_peak"": true, ""used_as_veto"": false}"
lower_middle_all,lower,middle,all,spectrum,19.357166313201024,0.05166045400550333,4.873057512291706e-05,9.2109375,"[18.36049805572326, 20.468250298891487]",0.9985258048058476,93.8465949790368,0.4580846644836909,0.45703910165270484,8.874303453328427e-10,0.008996907959307845,0.00019526514234818933,True,[],profile_and_numerical_variants,passed,enhanced_near_gb,"{""status"": ""passed"", ""reference_window"": ""Hann"", ""comparison_window"": ""Blackman"", ""amplitude_ratio"": 0.9883131419118437, ""matched_period_angstrom"": 19.357166313201024}","{""half_x_bin_origin"": {""status"": ""consistent"", ""profile_status"": ""resolved_profile"", ""matched_period_angstrom"": 19.357166313201024, ""amplitude_ratio"": 1.0049245670238653, ""matched_amplitude_strain"": 0.00019622673862910759}, ""smoothing_0.5_nn"": {""status"": ""consistent"", ""profile_status"": ""resolved_profile"", ""matched_period_angstrom"": 19.357166313201024, ""amplitude_ratio"": 1.0600719433385979, ""matched_amplitude_strain"": 0.00020699509891533303}, ""smoothing_0.8_nn"": {""status"": ""consistent"", ""profile_status"": ""resolved_profile"", ""matched_period_angstrom"": 19.357166313201024, ""amplitude_ratio"": 0.930106050933999, ""matched_amplitude_strain"": 0.00018161729043453956}}","{""absolute_power_neighborhood_max_strain_squared"": 3.755521905567005e-15, ""absolute_power_ratio"": 236300.1382091151, ""matched_period_angstrom"": null, ""matched_amplitude_strain"": null, ""shared_actual_peak"": false, ""used_as_veto"": false}"
lower_middle_all,lower,middle,all,spectrum,13.004045061688894,0.07689914909216145,5.9794924519672785e-06,13.7109375,"[12.546508566940082, 13.496214715117686]",0.9942910193026641,55.14800443871171,0.05620934673422395,0.05608105079188859,1.0889227221677008e-10,0.0011039669262681432,6.840000207028967e-05,True,[],profile_and_numerical_variants,passed,enhanced_near_gb,"{""status"": ""passed"", ""reference_window"": ""Hann"", ""comparison_window"": ""Blackman"", ""amplitude_ratio"": 1.0002480672865564, ""matched_period_angstrom"": 12.93769789300681}","{""half_x_bin_origin"": {""status"": ""consistent"", ""profile_status"": ""resolved_profile"", ""matched_period_angstrom"": 13.004045061688894, ""amplitude_ratio"": 1.0714893678909316, ""matched_amplitude_strain"": 7.32898749820331e-05}, ""smoothing_0.5_nn"": {""status"": ""consistent"", ""profile_status"": ""resolved_profile"", ""matched_period_angstrom"": 13.004045061688894, ""amplitude_ratio"": 1.1386749972970802, ""matched_amplitude_strain"": 7.788537217250736e-05}, ""smoothing_0.8_nn"": {""status"": ""consistent"", ""profile_status"": ""resolved_profile"", ""matched_period_angstrom"": 13.004045061688894, ""amplitude_ratio"": 0.8509136910315754, ""matched_amplitude_strain"": 5.8202498228197586e-05}}","{""absolute_power_neighborhood_max_strain_squared"": 1.594717911480864e-15, ""absolute_power_ratio"": 68283.0934755427, ""matched_period_angstrom"": null, ""matched_amplitude_strain"": null, ""shared_actual_peak"": false, ""used_as_veto"": false}"
lower_middle_all,lower,middle,all,spectrum,9.678583156600512,0.10332090801100666,4.3785829788803685e-06,18.421875,"[9.422831991438484, 9.94860465704621]",0.9970940619146906,41.68802967320202,0.04116023071213748,0.041066283870682035,7.973818070513492e-11,0.0008083981761719971,5.853164718376203e-05,True,[],profile_and_numerical_variants,passed,enhanced_near_gb,"{""status"": ""passed"", ""reference_window"": ""Hann"", ""comparison_window"": ""Blackman"", ""amplitude_ratio"": 1.0126002075336187, ""matched_period_angstrom"": 9.678583156600512}","{""half_x_bin_origin"": {""status"": ""consistent"", ""profile_status"": ""resolved_profile"", ""matched_period_angstrom"": 9.678583156600512, ""amplitude_ratio"": 0.9846557257059744, ""matched_amplitude_strain"": 5.7633521534493254e-05}, ""smoothing_0.5_nn"": {""status"": ""consistent"", ""profile_status"": ""resolved_profile"", ""matched_period_angstrom"": 9.678583156600512, ""amplitude_ratio"": 1.2551634493682406, ""matched_amplitude_strain"": 7.346678417637563e-05}, ""smoothing_0.8_nn"": {""status"": ""consistent"", ""profile_status"": ""resolved_profile"", ""matched_period_angstrom"": 9.678583156600512, ""amplitude_ratio"": 0.7517421013288028, ""matched_amplitude_strain"": 4.4000703448157376e-05}}","{""absolute_power_neighborhood_max_strain_squared"": 1.0800384740877727e-14, ""absolute_power_ratio"": 7382.901870461955, ""matched_period_angstrom"": null, ""matched_amplitude_strain"": null, ""shared_actual_peak"": false, ""used_as_veto"": false}"
lower_middle_all,lower,middle,all,spectrum,25.614028151811457,0.03904110646217427,1.6915434435074037e-07,6.9609375,"[23.89748595106179, 27.596250402979454]",0.5753086926013119,0.003086168958411707,0.0015901107442794565,0.0015864813700168538,3.0804622732870843e-12,3.123020943631284e-05,1.1504441285010353e-05,False,"[""insufficient_local_prominence"", ""window_sensitive_possible_leakage""]",profile_and_numerical_variants,passed,enhanced_near_gb,"{""status"": ""failed"", ""reference_window"": ""Hann"", ""comparison_window"": ""Blackman"", ""amplitude_ratio"": null, ""matched_period_angstrom"": null}","{""half_x_bin_origin"": {""status"": ""consistent"", ""profile_status"": ""resolved_profile"", ""matched_period_angstrom"": 25.614028151811457, ""amplitude_ratio"": 0.7866311291035982, ""matched_amplitude_strain"": 9.049751637733744e-06}, ""smoothing_0.5_nn"": {""status"": ""consistent"", ""profile_status"": ""resolved_profile"", ""matched_period_angstrom"": 25.614028151811457, ""amplitude_ratio"": 0.9990215313907541, ""matched_amplitude_strain"": 1.1493184550346057e-05}, ""smoothing_0.8_nn"": {""status"": ""consistent"", ""profile_status"": ""resolved_profile"", ""matched_period_angstrom"": 25.357887870293347, ""amplitude_ratio"": 0.9632798051168396, ""matched_amplitude_strain"": 1.1081995959002896e-05}}","{""absolute_power_neighborhood_max_strain_squared"": 1.0246983714409206e-14, ""absolute_power_ratio"": 300.62136909180106, ""matched_period_angstrom"": null, ""matched_amplitude_strain"": null, ""shared_actual_peak"": false, ""used_as_veto"": false}"
lower_middle_all,lower,middle,all,spectrum,15.55698642349285,0.06427980154883238,1.3299353187670975e-07,11.4609375,"[14.90666171343175, 16.266642254642914]",0.7433197952830269,0.017763008921987577,0.0012501863003786516,0.0012473327922199423,2.421939318850338e-12,2.455400049065553e-05,1.0200916993956854e-05,False,"[""insufficient_local_prominence"", ""window_sensitive_possible_leakage""]",profile_and_numerical_variants,passed,enhanced_near_gb_and_shared,"{""status"": ""failed"", ""reference_window"": ""Hann"", ""comparison_window"": ""Blackman"", ""amplitude_ratio"": null, ""matched_period_angstrom"": null}","{""half_x_bin_origin"": {""status"": ""consistent"", ""profile_status"": ""resolved_profile"", ""matched_period_angstrom"": 15.55698642349285, ""amplitude_ratio"": 0.8074379913078656, ""matched_amplitude_strain"": 8.236607927098793e-06}, ""smoothing_0.5_nn"": {""status"": ""consistent"", ""profile_status"": ""resolved_profile"", ""matched_period_angstrom"": 15.55698642349285, ""amplitude_ratio"": 1.046198430612948, ""matched_amplitude_strain"": 1.067218334989061e-05}, ""smoothing_0.8_nn"": {""status"": ""consistent"", ""profile_status"": ""resolved_profile"", ""matched_period_angstrom"": 15.55698642349285, ""amplitude_ratio"": 0.9394670030107123, ""matched_amplitude_strain"": 9.58342491627369e-06}}","{""absolute_power_neighborhood_max_strain_squared"": 1.1410936478557722e-14, ""absolute_power_ratio"": 212.24720016638437, ""matched_period_angstrom"": 14.916404629584322, ""matched_amplitude_strain"": 7.001937480333751e-07, ""shared_actual_peak"": true, ""used_as_veto"": false}"
lower_middle_all,lower,middle,all,spectrum,6.502022530844447,0.1537982981843229,5.874532204719765e-08,27.421875,"[6.385590118428654, 6.622779768793967]",0.9383193691889534,8.380672268616289,0.0005522268323757478,0.0005509663932146682,1.0698084580273466e-12,1.0845885856372325e-05,6.779701896472668e-06,True,[],profile_and_numerical_variants,passed,enhanced_near_gb,"{""status"": ""passed"", ""reference_window"": ""Hann"", ""comparison_window"": ""Blackman"", ""amplitude_ratio"": 0.91892540074006, ""matched_period_angstrom"": 6.518737241720654}","{""half_x_bin_origin"": {""status"": ""consistent"", ""profile_status"": ""resolved_profile"", ""matched_period_angstrom"": 6.387377297303109, ""amplitude_ratio"": 1.3715321873988595, ""matched_amplitude_strain"": 9.298579371981355e-06}, ""smoothing_0.5_nn"": {""status"": ""consistent"", ""profile_status"": ""resolved_profile"", ""matched_period_angstrom"": 6.518737241720654, ""amplitude_ratio"": 1.7771670218449143, ""matched_amplitude_strain"": 1.2048662628350648e-05}, ""smoothing_0.8_nn"": {""status"": ""consistent"", ""profile_status"": ""resolved_profile"", ""matched_period_angstrom"": 6.485393317210574, ""amplitude_ratio"": 0.4780526249477313, ""matched_amplitude_strain"": 3.241054287971871e-06}}","{""absolute_power_neighborhood_max_strain_squared"": 1.3443655474581357e-15, ""absolute_power_ratio"": 795.7719982114172, ""matched_period_angstrom"": null, ""matched_amplitude_strain"": null, ""shared_actual_peak"": false, ""used_as_veto"": false}"
lower_middle_all,lower,middle,all,spectrum,8.566854010234238,0.11672896477579377,4.507518617684596e-08,20.812499999999996,"[8.365872097970678, 8.777730416640004]",0.8326350603940347,1.7765309684268171,0.00042372271380499067,0.0004227555809700629,8.208622191296249e-13,8.32202986028441e-06,5.938718207355904e-06,False,"[""insufficient_local_prominence""]",profile_and_numerical_variants,passed,enhanced_near_gb_and_shared,"{""status"": ""passed"", ""reference_window"": ""Hann"", ""comparison_window"": ""Blackman"", ""amplitude_ratio"": 0.5821837085104031, ""matched_period_angstrom"": 8.45262929009778}","{""half_x_bin_origin"": {""status"": ""consistent"", ""profile_status"": ""resolved_profile"", ""matched_period_angstrom"": 8.566854010234238, ""amplitude_ratio"": 0.7567479096872594, ""matched_amplitude_strain"": 4.494112589638248e-06}, ""smoothing_0.5_nn"": {""status"": ""consistent"", ""profile_status"": ""resolved_profile"", ""matched_period_angstrom"": 8.566854010234238, ""amplitude_ratio"": 1.1743821256299227, ""matched_amplitude_strain"": 6.974324511871751e-06}, ""smoothing_0.8_nn"": {""status"": ""consistent"", ""profile_status"": ""resolved_profile"", ""matched_period_angstrom"": 8.566854010234238, ""amplitude_ratio"": 0.7245280954393566, ""matched_amplitude_strain"": 4.302768192126603e-06}}","{""absolute_power_neighborhood_max_strain_squared"": 1.6858073001661436e-14, ""absolute_power_ratio"": 48.692529629497116, ""matched_period_angstrom"": 8.744099265618395, ""matched_amplitude_strain"": 8.510626862690524e-07, ""shared_actual_peak"": true, ""used_as_veto"": false}"
lower_middle_all,lower,middle,all,spectrum,11.025168639257977,0.09070156046767759,2.182389833541034e-08,16.171875,"[10.694516908746023, 11.376918785276176]",0.416974417564505,0.003510211385465669,0.00020515237346339335,0.00020468412007485512,3.9743404602655777e-13,4.029248662502241e-06,4.132283591892789e-06,False,"[""insufficient_local_prominence"", ""window_sensitive_possible_leakage""]",profile_and_numerical_variants,passed,enhanced_near_gb,"{""status"": ""failed"", ""reference_window"": ""Hann"", ""comparison_window"": ""Blackman"", ""amplitude_ratio"": null, ""matched_period_angstrom"": null}","{""half_x_bin_origin"": {""status"": ""consistent"", ""profile_status"": ""resolved_profile"", ""matched_period_angstrom"": 11.073313480477443, ""amplitude_ratio"": 1.155717078115385, ""matched_amplitude_strain"": 4.775750718766482e-06}, ""smoothing_0.5_nn"": {""status"": ""consistent"", ""profile_status"": ""resolved_profile"", ""matched_period_angstrom"": 11.073313480477443, ""amplitude_ratio"": 1.173363890339964, ""matched_amplitude_strain"": 4.848672351371323e-06}, ""smoothing_0.8_nn"": {""status"": ""consistent"", ""profile_status"": ""resolved_profile"", ""matched_period_angstrom"": 11.025168639257977, ""amplitude_ratio"": 0.8267500787557829, ""matched_amplitude_strain"": 3.416365785038593e-06}}","{""absolute_power_neighborhood_max_strain_squared"": 1.0904732884111082e-14, ""absolute_power_ratio"": 36.44601387766641, ""matched_period_angstrom"": null, ""matched_amplitude_strain"": null, ""shared_actual_peak"": false, ""used_as_veto"": false}"
lower_middle_all,lower,middle,all,spectrum,7.778493211746425,0.12855960309766476,2.1274989909351507e-08,22.921875,"[7.6124413219693166, 7.9519509000919895]",0.736352692760009,2.1096426356231355,0.00019999243985807086,0.00019953596384434207,3.8743789899022993e-13,3.927906156798519e-06,4.079985646653051e-06,True,[],profile_and_numerical_variants,passed,enhanced_near_gb,"{""status"": ""passed"", ""reference_window"": ""Hann"", ""comparison_window"": ""Blackman"", ""amplitude_ratio"": 1.0035506454572802, ""matched_period_angstrom"": 7.731063375089434}","{""half_x_bin_origin"": {""status"": ""consistent"", ""profile_status"": ""resolved_profile"", ""matched_period_angstrom"": 7.707564702216822, ""amplitude_ratio"": 1.3115468076185623, ""matched_amplitude_strain"": 5.351092149997365e-06}, ""smoothing_0.5_nn"": {""status"": ""consistent"", ""profile_status"": ""resolved_profile"", ""matched_period_angstrom"": 7.778493211746425, ""amplitude_ratio"": 1.420806171475845, ""matched_amplitude_strain"": 5.796868786297522e-06}, ""smoothing_0.8_nn"": {""status"": ""consistent"", ""profile_status"": ""resolved_profile"", ""matched_period_angstrom"": 7.778493211746425, ""amplitude_ratio"": 0.6730441990677689, ""matched_amplitude_strain"": 2.746010671759596e-06}}","{""absolute_power_neighborhood_max_strain_squared"": 4.851228226140398e-15, ""absolute_power_ratio"": 79.86387795621661, ""matched_period_angstrom"": null, ""matched_amplitude_strain"": null, ""shared_actual_peak"": false, ""used_as_veto"": false}"
lower_middle_all,lower,middle,all,spectrum,7.103049823611582,0.14078459603026477,1.0115751553768804e-08,25.101562499999996,"[6.9643268487226155, 7.247411585666565]",0.44550894005806874,0.26209691869637214,9.509164718085456e-05,9.48746036962367e-05,1.842175035287151e-13,1.8676259296944508e-06,2.8133452472604026e-06,False,"[""insufficient_local_prominence"", ""numerical_variant_inconsistent""]",profile_and_numerical_variants,failed,enhanced_near_gb,"{""status"": ""passed"", ""reference_window"": ""Hann"", ""comparison_window"": ""Blackman"", ""amplitude_ratio"": 0.9483711514108001, ""matched_period_angstrom"": 7.163245161099814}","{""half_x_bin_origin"": {""status"": ""consistent"", ""profile_status"": ""resolved_profile"", ""matched_period_angstrom"": 7.043857741748152, ""amplitude_ratio"": 1.4363800898247194, ""matched_amplitude_strain"": 4.041033098967845e-06}, ""smoothing_0.5_nn"": {""status"": ""unresolved_or_inconsistent"", ""profile_status"": ""resolved_profile"", ""matched_period_angstrom"": 7.163245161099814, ""amplitude_ratio"": 0.9542584900436841, ""matched_amplitude_strain"": 2.684658587622287e-06}, ""smoothing_0.8_nn"": {""status"": ""consistent"", ""profile_status"": ""resolved_profile"", ""matched_period_angstrom"": 7.063478515402046, ""amplitude_ratio"": 0.7905042562893084, ""matched_amplitude_strain"": 2.223961392370645e-06}}","{""absolute_power_neighborhood_max_strain_squared"": 8.99706922821643e-15, ""absolute_power_ratio"": 20.47527909988464, ""matched_period_angstrom"": null, ""matched_amplitude_strain"": null, ""shared_actual_peak"": false, ""used_as_veto"": false}"
lower_middle_z0,lower,middle,z0,spectrum,39.62169979733335,0.025238695086658113,0.00010637888745496564,4.5,"[35.65952981760002, 44.57441227200002]",0.9985675114884711,75.67816712498076,1.0,0.9977192849033314,1.9372612080231213e-09,0.01964025344384579,0.0002885038917226582,True,[],profile_and_numerical_variants,passed,enhanced_near_gb_and_shared,"{""status"": ""passed"", ""reference_window"": ""Hann"", ""comparison_window"": ""Blackman"", ""amplitude_ratio"": 0.9942298705816066, ""matched_period_angstrom"": 39.01213518506668}","{""half_x_bin_origin"": {""status"": ""consistent"", ""profile_status"": ""resolved_profile"", ""matched_period_angstrom"": 39.62169979733335, ""amplitude_ratio"": 0.9989587914705564, ""matched_amplitude_strain"": 0.0002882034990098189}, ""smoothing_0.5_nn"": {""status"": ""consistent"", ""profile_status"": ""resolved_profile"", ""matched_period_angstrom"": 39.62169979733335, ""amplitude_ratio"": 1.0150518444496361, ""matched_amplitude_strain"": 0.0002928464074239823}, ""smoothing_0.8_nn"": {""status"": ""consistent"", ""profile_status"": ""resolved_profile"", ""matched_period_angstrom"": 39.62169979733335, ""amplitude_ratio"": 0.9818390344317414, ""matched_amplitude_strain"": 0.0002832643824787744}}","{""absolute_power_neighborhood_max_strain_squared"": 2.076281148087391e-12, ""absolute_power_ratio"": 933.04377868463, ""matched_period_angstrom"": 37.847593836258724, ""matched_amplitude_strain"": 9.444971790578185e-06, ""shared_actual_peak"": true, ""used_as_veto"": false}"
lower_middle_z0,lower,middle,z0,spectrum,19.357166313201024,0.05166045400550333,4.873052364862251e-05,9.2109375,"[18.36049805572326, 20.468250298891487]",0.9985258031881511,93.84732971596297,0.4580845392771386,0.45703977895285874,8.874294079367444e-10,0.008996896450110332,0.0001952650392185004,True,[],profile_and_numerical_variants,passed,enhanced_near_gb,"{""status"": ""passed"", ""reference_window"": ""Hann"", ""comparison_window"": ""Blackman"", ""amplitude_ratio"": 0.9883131644914591, ""matched_period_angstrom"": 19.357166313201024}","{""half_x_bin_origin"": {""status"": ""consistent"", ""profile_status"": ""resolved_profile"", ""matched_period_angstrom"": 19.357166313201024, ""amplitude_ratio"": 1.0049262782164008, ""matched_amplitude_strain"": 0.00019622696912762714}, ""smoothing_0.5_nn"": {""status"": ""consistent"", ""profile_status"": ""resolved_profile"", ""matched_period_angstrom"": 19.357166313201024, ""amplitude_ratio"": 1.0600719284958584, ""matched_amplitude_strain"": 0.00020699498669217515}, ""smoothing_0.8_nn"": {""status"": ""consistent"", ""profile_status"": ""resolved_profile"", ""matched_period_angstrom"": 19.357166313201024, ""amplitude_ratio"": 0.9301060555293911, ""matched_amplitude_strain"": 0.00018161719541031127}}","{""absolute_power_neighborhood_max_strain_squared"": 3.756976915310867e-15, ""absolute_power_ratio"": 236208.37389769137, ""matched_period_angstrom"": null, ""matched_amplitude_strain"": null, ""shared_actual_peak"": false, ""used_as_veto"": false}"
lower_middle_z0,lower,middle,z0,spectrum,13.004045061688894,0.07689914909216145,5.979504174053447e-06,13.7109375,"[12.546508566940082, 13.496214715117686]",0.9942908035449961,55.14900428089042,0.056209500936779455,0.056081303079416736,1.0889248568716214e-10,0.0011039688443504358,6.840006911530492e-05,True,[],profile_and_numerical_variants,passed,enhanced_near_gb,"{""status"": ""passed"", ""reference_window"": ""Hann"", ""comparison_window"": ""Blackman"", ""amplitude_ratio"": 1.0002482143404345, ""matched_period_angstrom"": 12.93769789300681}","{""half_x_bin_origin"": {""status"": ""consistent"", ""profile_status"": ""resolved_profile"", ""matched_period_angstrom"": 13.004045061688894, ""amplitude_ratio"": 1.0714886648635291, ""matched_amplitude_strain"": 7.328989873293118e-05}, ""smoothing_0.5_nn"": {""status"": ""consistent"", ""profile_status"": ""resolved_profile"", ""matched_period_angstrom"": 13.004045061688894, ""amplitude_ratio"": 1.138674953289105, ""matched_amplitude_strain"": 7.788544550484138e-05}, ""smoothing_0.8_nn"": {""status"": ""consistent"", ""profile_status"": ""resolved_profile"", ""matched_period_angstrom"": 13.004045061688894, ""amplitude_ratio"": 0.8509137213699867, ""matched_amplitude_strain"": 5.82025573528684e-05}}","{""absolute_power_neighborhood_max_strain_squared"": 1.594268795801676e-15, ""absolute_power_ratio"": 68302.46315672615, ""matched_period_angstrom"": null, ""matched_amplitude_strain"": null, ""shared_actual_peak"": false, ""used_as_veto"": false}"
lower_middle_z0,lower,middle,z0,spectrum,9.678583156600512,0.10332090801100666,4.3787681121899165e-06,18.421875,"[9.422831991438484, 9.94860465704621]",0.9970939878814131,41.691654075942566,0.0411620032597504,0.041068124457506766,7.974155215963572e-11,0.0008084321762779044,5.853288457529586e-05,True,[],profile_and_numerical_variants,passed,enhanced_near_gb,"{""status"": ""passed"", ""reference_window"": ""Hann"", ""comparison_window"": ""Blackman"", ""amplitude_ratio"": 1.012610920688049, ""matched_period_angstrom"": 9.678583156600512}","{""half_x_bin_origin"": {""status"": ""consistent"", ""profile_status"": ""resolved_profile"", ""matched_period_angstrom"": 9.678583156600512, ""amplitude_ratio"": 0.9846142468262603, ""matched_amplitude_strain"": 5.763231206067336e-05}, ""smoothing_0.5_nn"": {""status"": ""consistent"", ""profile_status"": ""resolved_profile"", ""matched_period_angstrom"": 9.678583156600512, ""amplitude_ratio"": 1.255165217960846, ""matched_amplitude_strain"": 7.346844082582827e-05}, ""smoothing_0.8_nn"": {""status"": ""consistent"", ""profile_status"": ""resolved_profile"", ""matched_period_angstrom"": 9.678583156600512, ""amplitude_ratio"": 0.7517412638562588, ""matched_amplitude_strain"": 4.400158462778543e-05}}","{""absolute_power_neighborhood_max_strain_squared"": 1.0798080090148117e-14, ""absolute_power_ratio"": 7384.789841704342, ""matched_period_angstrom"": null, ""matched_amplitude_strain"": null, ""shared_actual_peak"": false, ""used_as_veto"": false}"
lower_middle_z0,lower,middle,z0,spectrum,25.614028151811457,0.03904110646217427,1.6915455488074174e-07,6.9609375,"[23.89748595106179, 27.596250402979454]",0.5753092037446297,0.0030861762261570553,0.0015901139683600423,0.00158648737142698,3.080466107239615e-12,3.1230241343190615e-05,1.150444844423909e-05,False,"[""insufficient_local_prominence"", ""window_sensitive_possible_leakage""]",profile_and_numerical_variants,passed,enhanced_near_gb,"{""status"": ""failed"", ""reference_window"": ""Hann"", ""comparison_window"": ""Blackman"", ""amplitude_ratio"": null, ""matched_period_angstrom"": null}","{""half_x_bin_origin"": {""status"": ""consistent"", ""profile_status"": ""resolved_profile"", ""matched_period_angstrom"": 25.614028151811457, ""amplitude_ratio"": 0.7866318967437935, ""matched_amplitude_strain"": 9.04976610068298e-06}, ""smoothing_0.5_nn"": {""status"": ""consistent"", ""profile_status"": ""resolved_profile"", ""matched_period_angstrom"": 25.614028151811457, ""amplitude_ratio"": 0.9990208959229516, ""matched_amplitude_strain"": 1.1493184391863142e-05}, ""smoothing_0.8_nn"": {""status"": ""consistent"", ""profile_status"": ""resolved_profile"", ""matched_period_angstrom"": 25.357887870293347, ""amplitude_ratio"": 0.9632793210298884, ""matched_amplitude_strain"": 1.1081997286189987e-05}}","{""absolute_power_neighborhood_max_strain_squared"": 1.024793123177205e-14, ""absolute_power_ratio"": 300.5939479462088, ""matched_period_angstrom"": null, ""matched_amplitude_strain"": null, ""shared_actual_peak"": false, ""used_as_veto"": false}"
lower_middle_z0,lower,middle,z0,spectrum,15.55698642349285,0.06427980154883238,1.329956343883135e-07,11.4609375,"[14.90666171343175, 16.266642254642914]",0.7433136494276777,0.017763091245253312,0.001250207043616768,0.00124735567753843,2.4219776075960355e-12,2.4554383193914495e-05,1.0200997627433082e-05,False,"[""insufficient_local_prominence"", ""window_sensitive_possible_leakage""]",profile_and_numerical_variants,passed,enhanced_near_gb_and_shared,"{""status"": ""failed"", ""reference_window"": ""Hann"", ""comparison_window"": ""Blackman"", ""amplitude_ratio"": null, ""matched_period_angstrom"": null}","{""half_x_bin_origin"": {""status"": ""consistent"", ""profile_status"": ""resolved_profile"", ""matched_period_angstrom"": 15.55698642349285, ""amplitude_ratio"": 0.8074336516713303, ""matched_amplitude_strain"": 8.23662876500887e-06}, ""smoothing_0.5_nn"": {""status"": ""consistent"", ""profile_status"": ""resolved_profile"", ""matched_period_angstrom"": 15.55698642349285, ""amplitude_ratio"": 1.0462005769209015, ""matched_amplitude_strain"": 1.0672289602989238e-05}, ""smoothing_0.8_nn"": {""status"": ""consistent"", ""profile_status"": ""resolved_profile"", ""matched_period_angstrom"": 15.55698642349285, ""amplitude_ratio"": 0.9394661695606346, ""matched_amplitude_strain"": 9.583492166741679e-06}}","{""absolute_power_neighborhood_max_strain_squared"": 1.1412218578458519e-14, ""absolute_power_ratio"": 212.22671042839235, ""matched_period_angstrom"": 14.916404629584322, ""matched_amplitude_strain"": 7.002330828032133e-07, ""shared_actual_peak"": true, ""used_as_veto"": false}"
lower_middle_z0,lower,middle,z0,spectrum,6.502022530844447,0.1537982981843229,5.874289542506195e-08,27.421875,"[6.385590118428654, 6.622779768793967]",0.9383199894443299,8.381344983419678,0.0005522044536321188,0.0005509450325982723,1.0697642669191061e-12,1.0845435422155204e-05,6.779561868773261e-06,True,[],profile_and_numerical_variants,passed,enhanced_near_gb,"{""status"": ""passed"", ""reference_window"": ""Hann"", ""comparison_window"": ""Blackman"", ""amplitude_ratio"": 0.9189223098443626, ""matched_period_angstrom"": 6.518737241720654}","{""half_x_bin_origin"": {""status"": ""consistent"", ""profile_status"": ""resolved_profile"", ""matched_period_angstrom"": 6.387377297303109, ""amplitude_ratio"": 1.3715714731336681, ""matched_amplitude_strain"": 9.298653659554186e-06}, ""smoothing_0.5_nn"": {""status"": ""consistent"", ""profile_status"": ""resolved_profile"", ""matched_period_angstrom"": 6.518737241720654, ""amplitude_ratio"": 1.777165432574035, ""matched_amplitude_strain"": 1.2048403001180865e-05}, ""smoothing_0.8_nn"": {""status"": ""consistent"", ""profile_status"": ""resolved_profile"", ""matched_period_angstrom"": 6.485393317210574, ""amplitude_ratio"": 0.47805240335903026, ""matched_amplitude_strain"": 3.240985845088296e-06}}","{""absolute_power_neighborhood_max_strain_squared"": 1.3433467797187163e-15, ""absolute_power_ratio"": 796.3425997441288, ""matched_period_angstrom"": null, ""matched_amplitude_strain"": null, ""shared_actual_peak"": false, ""used_as_veto"": false}"
lower_middle_z0,lower,middle,z0,spectrum,8.566854010234238,0.11672896477579377,4.503136578070435e-08,20.812499999999996,"[8.365872097970678, 8.777730416640004]",0.832579631033086,1.7746445556800872,0.00042331111800513886,0.0004223456659477169,8.200642078362534e-13,8.313937643218639e-06,5.935830806488535e-06,False,"[""insufficient_local_prominence""]",profile_and_numerical_variants,passed,enhanced_near_gb_and_shared,"{""status"": ""passed"", ""reference_window"": ""Hann"", ""comparison_window"": ""Blackman"", ""amplitude_ratio"": 0.5820723608450727, ""matched_period_angstrom"": 8.45262929009778}","{""half_x_bin_origin"": {""status"": ""consistent"", ""profile_status"": ""resolved_profile"", ""matched_period_angstrom"": 8.566854010234238, ""amplitude_ratio"": 0.7575991305120133, ""matched_amplitude_strain"": 4.4969802578621366e-06}, ""smoothing_0.5_nn"": {""status"": ""consistent"", ""profile_status"": ""resolved_profile"", ""matched_period_angstrom"": 8.566854010234238, ""amplitude_ratio"": 1.1742977789068691, ""matched_amplitude_strain"": 6.970432932026456e-06}, ""smoothing_0.8_nn"": {""status"": ""consistent"", ""profile_status"": ""resolved_profile"", ""matched_period_angstrom"": 8.566854010234238, ""amplitude_ratio"": 0.7245394558164874, ""matched_amplitude_strain"": 4.300743622351944e-06}}","{""absolute_power_neighborhood_max_strain_squared"": 1.6906245507186414e-14, ""absolute_power_ratio"": 48.50658340952549, ""matched_period_angstrom"": 8.744099265618395, ""matched_amplitude_strain"": 8.522777888363216e-07, ""shared_actual_peak"": true, ""used_as_veto"": false}"
lower_middle_z0,lower,middle,z0,spectrum,11.025168639257977,0.09070156046767759,2.1825499045726967e-08,16.171875,"[10.694516908746023, 11.376918785276176]",0.4169776749733787,0.0035105210096184575,0.00020516758134894538,0.00020469965254881584,3.9746319649123993e-13,4.029543296154135e-06,4.132435133739027e-06,False,"[""insufficient_local_prominence"", ""window_sensitive_possible_leakage""]",profile_and_numerical_variants,passed,enhanced_near_gb,"{""status"": ""failed"", ""reference_window"": ""Hann"", ""comparison_window"": ""Blackman"", ""amplitude_ratio"": null, ""matched_period_angstrom"": null}","{""half_x_bin_origin"": {""status"": ""consistent"", ""profile_status"": ""resolved_profile"", ""matched_period_angstrom"": 11.073313480477443, ""amplitude_ratio"": 1.1556075263181544, ""matched_amplitude_strain"": 4.775473142570388e-06}, ""smoothing_0.5_nn"": {""status"": ""consistent"", ""profile_status"": ""resolved_profile"", ""matched_period_angstrom"": 11.073313480477443, ""amplitude_ratio"": 1.1733658410377614, ""matched_amplitude_strain"": 4.848858226233687e-06}, ""smoothing_0.8_nn"": {""status"": ""consistent"", ""profile_status"": ""resolved_profile"", ""matched_period_angstrom"": 11.025168639257977, ""amplitude_ratio"": 0.8267478992592067, ""matched_amplitude_strain"": 3.4164820656436793e-06}}","{""absolute_power_neighborhood_max_strain_squared"": 1.0905690298350563e-14, ""absolute_power_ratio"": 36.445487228933544, ""matched_period_angstrom"": null, ""matched_amplitude_strain"": null, ""shared_actual_peak"": false, ""used_as_veto"": false}"
lower_middle_z0,lower,middle,z0,spectrum,7.778493211746425,0.12855960309766476,2.1275634522403815e-08,22.921875,"[7.6124413219693166, 7.9519509000919895]",0.7363775626996664,2.1098199421042243,0.0001999986560435747,0.0001995425160894227,3.8744963800997626e-13,3.928024293124347e-06,4.080047456131947e-06,True,[],profile_and_numerical_variants,passed,enhanced_near_gb,"{""status"": ""passed"", ""reference_window"": ""Hann"", ""comparison_window"": ""Blackman"", ""amplitude_ratio"": 1.0035476623993176, ""matched_period_angstrom"": 7.731063375089434}","{""half_x_bin_origin"": {""status"": ""consistent"", ""profile_status"": ""resolved_profile"", ""matched_period_angstrom"": 7.707564702216822, ""amplitude_ratio"": 1.3114396393072854, ""matched_amplitude_strain"": 5.350735964226287e-06}, ""smoothing_0.5_nn"": {""status"": ""consistent"", ""profile_status"": ""resolved_profile"", ""matched_period_angstrom"": 7.778493211746425, ""amplitude_ratio"": 1.4208113133833915, ""matched_amplitude_strain"": 5.796977584813397e-06}, ""smoothing_0.8_nn"": {""status"": ""consistent"", ""profile_status"": ""resolved_profile"", ""matched_period_angstrom"": 7.778493211746425, ""amplitude_ratio"": 0.6730408979487161, ""matched_amplitude_strain"": 2.7460388035484203e-06}}","{""absolute_power_neighborhood_max_strain_squared"": 4.850120814695784e-15, ""absolute_power_ratio"": 79.88453335760428, ""matched_period_angstrom"": null, ""matched_amplitude_strain"": null, ""shared_actual_peak"": false, ""used_as_veto"": false}"
lower_middle_z0,lower,middle,z0,spectrum,7.103049823611582,0.14078459603026477,1.011587064191646e-08,25.101562499999996,"[6.9643268487226155, 7.247411585666565]",0.4455509736683789,0.2621086705947056,9.509284110720659e-05,9.487596142890829e-05,1.8421967223769778e-13,1.8676475000408948e-06,2.8133618073294387e-06,False,"[""insufficient_local_prominence"", ""numerical_variant_inconsistent""]",profile_and_numerical_variants,failed,enhanced_near_gb,"{""status"": ""passed"", ""reference_window"": ""Hann"", ""comparison_window"": ""Blackman"", ""amplitude_ratio"": 0.9483509632806498, ""matched_period_angstrom"": 7.163245161099814}","{""half_x_bin_origin"": {""status"": ""consistent"", ""profile_status"": ""resolved_profile"", ""matched_period_angstrom"": 7.043857741748152, ""amplitude_ratio"": 1.4364174159719416, ""matched_amplitude_strain"": 4.041161897478304e-06}, ""smoothing_0.5_nn"": {""status"": ""unresolved_or_inconsistent"", ""profile_status"": ""resolved_profile"", ""matched_period_angstrom"": 7.163245161099814, ""amplitude_ratio"": 0.9542568991941603, ""matched_amplitude_strain"": 2.684669914573469e-06}, ""smoothing_0.8_nn"": {""status"": ""consistent"", ""profile_status"": ""resolved_profile"", ""matched_period_angstrom"": 7.063478515402046, ""amplitude_ratio"": 0.7905027156552362, ""matched_amplitude_strain"": 2.223970148814645e-06}}","{""absolute_power_neighborhood_max_strain_squared"": 8.995353537393679e-15, ""absolute_power_ratio"": 20.47942545803194, ""matched_period_angstrom"": null, ""matched_amplitude_strain"": null, ""shared_actual_peak"": false, ""used_as_veto"": false}"
lower_middle_z1,lower,middle,z1,spectrum,39.62169979733335,0.025238695086658113,0.00010637905403991078,4.5,"[35.65952981760002, 44.57441227200002]",0.9985675437200772,75.67836282737072,1.0,0.9977157824091532,1.9372642416941795e-09,0.01964029295025396,0.00028850411761516053,True,[],profile_and_numerical_variants,passed,enhanced_near_gb_and_shared,"{""status"": ""passed"", ""reference_window"": ""Hann"", ""comparison_window"": ""Blackman"", ""amplitude_ratio"": 0.9942300098873686, ""matched_period_angstrom"": 39.01213518506668}","{""half_x_bin_origin"": {""status"": ""consistent"", ""profile_status"": ""resolved_profile"", ""matched_period_angstrom"": 39.62169979733335, ""amplitude_ratio"": 0.9989585395750334, ""matched_amplitude_strain"": 0.00028820365199422446}, ""smoothing_0.5_nn"": {""status"": ""consistent"", ""profile_status"": ""resolved_profile"", ""matched_period_angstrom"": 39.62169979733335, ""amplitude_ratio"": 1.0150519579770156, ""matched_amplitude_strain"": 0.0002928466694696999}, ""smoothing_0.8_nn"": {""status"": ""consistent"", ""profile_status"": ""resolved_profile"", ""matched_period_angstrom"": 39.62169979733335, ""amplitude_ratio"": 0.9818389915638711, ""matched_amplitude_strain"": 0.0002832645919012937}}","{""absolute_power_neighborhood_max_strain_squared"": 2.0763957405164053e-12, ""absolute_power_ratio"": 932.9937467567606, ""matched_period_angstrom"": 37.847593836258724, ""matched_amplitude_strain"": 9.445232426602165e-06, ""shared_actual_peak"": true, ""used_as_veto"": false}"
lower_middle_z1,lower,middle,z1,spectrum,19.357166313201024,0.05166045400550333,4.873062659732414e-05,9.2109375,"[18.36049805572326, 20.468250298891487]",0.9985258064233551,93.84586024751158,0.4580847896902864,0.45703842435557646,8.874312827309903e-10,0.0089969194655727,0.00019526524547804923,True,[],profile_and_numerical_variants,passed,enhanced_near_gb,"{""status"": ""passed"", ""reference_window"": ""Hann"", ""comparison_window"": ""Blackman"", ""amplitude_ratio"": 0.9883131193323618, ""matched_period_angstrom"": 19.357166313201024}","{""half_x_bin_origin"": {""status"": ""consistent"", ""profile_status"": ""resolved_profile"", ""matched_period_angstrom"": 19.357166313201024, ""amplitude_ratio"": 1.004922855832896, ""matched_amplitude_strain"": 0.00019622650813071272}, ""smoothing_0.5_nn"": {""status"": ""consistent"", ""profile_status"": ""resolved_profile"", ""matched_period_angstrom"": 19.357166313201024, ""amplitude_ratio"": 1.0600719581814024, ""matched_amplitude_strain"": 0.00020699521113868788}, ""smoothing_0.8_nn"": {""status"": ""consistent"", ""profile_status"": ""resolved_profile"", ""matched_period_angstrom"": 19.357166313201024, ""amplitude_ratio"": 0.9301060463385874, ""matched_amplitude_strain"": 0.0001816173854589221}}","{""absolute_power_neighborhood_max_strain_squared"": 3.75406738459437e-15, ""absolute_power_ratio"": 236391.94287581442, ""matched_period_angstrom"": null, ""matched_amplitude_strain"": null, ""shared_actual_peak"": false, ""used_as_veto"": false}"
lower_middle_z1,lower,middle,z1,spectrum,13.004045061688894,0.07689914909216145,5.979480729931991e-06,13.7109375,"[12.546508566940082, 13.496214715117686]",0.9942912350528255,55.14700460945638,0.05620919253228778,0.05608079850593823,1.0889205874730461e-10,0.0011039650078313592,6.839993502549973e-05,True,[],profile_and_numerical_variants,passed,enhanced_near_gb,"{""status"": ""passed"", ""reference_window"": ""Hann"", ""comparison_window"": ""Blackman"", ""amplitude_ratio"": 1.0002479202337264, ""matched_period_angstrom"": 12.93769789300681}","{""half_x_bin_origin"": {""status"": ""consistent"", ""profile_status"": ""resolved_profile"", ""matched_period_angstrom"": 13.004045061688894, ""amplitude_ratio"": 1.0714900709164674, ""matched_amplitude_strain"": 7.328985123115446e-05}, ""smoothing_0.5_nn"": {""status"": ""consistent"", ""profile_status"": ""resolved_profile"", ""matched_period_angstrom"": 13.004045061688894, ""amplitude_ratio"": 1.1386750413049145, ""matched_amplitude_strain"": 7.788529884041437e-05}, ""smoothing_0.8_nn"": {""status"": ""consistent"", ""profile_status"": ""resolved_profile"", ""matched_period_angstrom"": 13.004045061688894, ""amplitude_ratio"": 0.850913660693188, ""matched_amplitude_strain"": 5.820243910372418e-05}}","{""absolute_power_neighborhood_max_strain_squared"": 1.5951673721700774e-15, ""absolute_power_ratio"": 68263.71993753048, ""matched_period_angstrom"": null, ""matched_amplitude_strain"": null, ""shared_actual_peak"": false, ""used_as_veto"": false}"
lower_middle_z1,lower,middle,z1,spectrum,9.678583156600512,0.10332090801100666,4.378397849500822e-06,18.421875,"[9.422831991438484, 9.94860465704621]",0.9970941359356916,41.68440556694742,0.04115845820417012,0.04106444332992802,7.973480932220321e-11,0.0008083641765106847,5.853040979233664e-05,True,[],profile_and_numerical_variants,passed,enhanced_near_gb,"{""status"": ""passed"", ""reference_window"": ""Hann"", ""comparison_window"": ""Blackman"", ""amplitude_ratio"": 1.0125894939349585, ""matched_period_angstrom"": 9.678583156600512}","{""half_x_bin_origin"": {""status"": ""consistent"", ""profile_status"": ""resolved_profile"", ""matched_period_angstrom"": 9.678583156600512, ""amplitude_ratio"": 0.984697206342509, ""matched_amplitude_strain"": 5.763473100859612e-05}, ""smoothing_0.5_nn"": {""status"": ""consistent"", ""profile_status"": ""resolved_profile"", ""matched_period_angstrom"": 9.678583156600512, ""amplitude_ratio"": 1.2551616807009391, ""matched_amplitude_strain"": 7.346512752706396e-05}, ""smoothing_0.8_nn"": {""status"": ""consistent"", ""profile_status"": ""resolved_profile"", ""matched_period_angstrom"": 9.678583156600512, ""amplitude_ratio"": 0.7517429388365867, ""matched_amplitude_strain"": 4.3999822268600875e-05}}","{""absolute_power_neighborhood_max_strain_squared"": 1.0802690078554323e-14, ""absolute_power_ratio"": 7381.014242044586, ""matched_period_angstrom"": null, ""matched_amplitude_strain"": null, ""shared_actual_peak"": false, ""used_as_veto"": false}"
lower_middle_z1,lower,middle,z1,spectrum,25.614028151811457,0.03904110646217427,1.691541338215289e-07,6.9609375,"[23.89748595106179, 27.596250402979454]",0.5753081814042277,0.0030861616903969415,0.0015901075202085033,0.0015864753686395054,3.0804584393489384e-12,3.1230177519296874e-05,1.1504434125804023e-05,False,"[""insufficient_local_prominence"", ""window_sensitive_possible_leakage""]",profile_and_numerical_variants,passed,enhanced_near_gb,"{""status"": ""failed"", ""reference_window"": ""Hann"", ""comparison_window"": ""Blackman"", ""amplitude_ratio"": null, ""matched_period_angstrom"": null}","{""half_x_bin_origin"": {""status"": ""consistent"", ""profile_status"": ""resolved_profile"", ""matched_period_angstrom"": 25.614028151811457, ""amplitude_ratio"": 0.786630361472689, ""matched_amplitude_strain"": 9.049737174919958e-06}, ""smoothing_0.5_nn"": {""status"": ""consistent"", ""profile_status"": ""resolved_profile"", ""matched_period_angstrom"": 25.614028151811457, ""amplitude_ratio"": 0.9990221668593114, ""matched_amplitude_strain"": 1.1493184708850943e-05}, ""smoothing_0.8_nn"": {""status"": ""consistent"", ""profile_status"": ""resolved_profile"", ""matched_period_angstrom"": 25.357887870293347, ""amplitude_ratio"": 0.9632802892061457, ""matched_amplitude_strain"": 1.1081994631857551e-05}}","{""absolute_power_neighborhood_max_strain_squared"": 1.0246036260015999e-14, ""absolute_power_ratio"": 300.64879346270516, ""matched_period_angstrom"": null, ""matched_amplitude_strain"": null, ""shared_actual_peak"": false, ""used_as_veto"": false}"
lower_middle_z1,lower,middle,z1,spectrum,15.55698642349285,0.06427980154883238,1.3299142939117236e-07,11.4609375,"[14.90666171343175, 16.266642254642914]",0.7433259410052815,0.017762926593714604,0.0012501655574158168,0.0012473099072580968,2.4219010305793334e-12,2.455361778396418e-05,1.0200836360842933e-05,False,"[""insufficient_local_prominence"", ""window_sensitive_possible_leakage""]",profile_and_numerical_variants,passed,enhanced_near_gb_and_shared,"{""status"": ""failed"", ""reference_window"": ""Hann"", ""comparison_window"": ""Blackman"", ""amplitude_ratio"": null, ""matched_period_angstrom"": null}","{""half_x_bin_origin"": {""status"": ""consistent"", ""profile_status"": ""resolved_profile"", ""matched_period_angstrom"": 15.55698642349285, ""amplitude_ratio"": 0.8074423309877283, ""matched_amplitude_strain"": 8.236587089223394e-06}, ""smoothing_0.5_nn"": {""status"": ""consistent"", ""profile_status"": ""resolved_profile"", ""matched_period_angstrom"": 15.55698642349285, ""amplitude_ratio"": 1.046196284286129, ""matched_amplitude_strain"": 1.0672077097324714e-05}, ""smoothing_0.8_nn"": {""status"": ""consistent"", ""profile_status"": ""resolved_profile"", ""matched_period_angstrom"": 15.55698642349285, ""amplitude_ratio"": 0.9394678364661601, ""matched_amplitude_strain"": 9.583357666066448e-06}}","{""absolute_power_neighborhood_max_strain_squared"": 1.14096544828877e-14, ""absolute_power_ratio"": 212.26769261170193, ""matched_period_angstrom"": 14.916404629584322, ""matched_amplitude_strain"": 7.001544142517692e-07, ""shared_actual_peak"": true, ""used_as_veto"": false}"
lower_middle_z1,lower,middle,z1,spectrum,6.502022530844447,0.1537982981843229,5.874774872812831e-08,27.421875,"[6.385590118428654, 6.622779768793967]",0.9383187479540209,8.37999960750797,0.000552249211636039,0.0005509877542722886,1.0698526502062994e-12,1.0846336298078604e-05,6.7798419246726525e-06,True,[],profile_and_numerical_variants,passed,enhanced_near_gb,"{""status"": ""passed"", ""reference_window"": ""Hann"", ""comparison_window"": ""Blackman"", ""amplitude_ratio"": 0.9189284915491267, ""matched_period_angstrom"": 6.518737241720654}","{""half_x_bin_origin"": {""status"": ""consistent"", ""profile_status"": ""resolved_profile"", ""matched_period_angstrom"": 6.387377297303109, ""amplitude_ratio"": 1.3714929032458119, ""matched_amplitude_strain"": 9.29850508481697e-06}, ""smoothing_0.5_nn"": {""status"": ""consistent"", ""profile_status"": ""resolved_profile"", ""matched_period_angstrom"": 6.518737241720654, ""amplitude_ratio"": 1.7771686109898068, ""matched_amplitude_strain"": 1.2048922256000956e-05}, ""smoothing_0.8_nn"": {""status"": ""consistent"", ""profile_status"": ""resolved_profile"", ""matched_period_angstrom"": 6.485393317210574, ""amplitude_ratio"": 0.478052846549322, ""matched_amplitude_strain"": 3.2411227312441955e-06}}","{""absolute_power_neighborhood_max_strain_squared"": 1.3453847383481169e-15, ""absolute_power_ratio"": 795.202011522652, ""matched_period_angstrom"": null, ""matched_amplitude_strain"": null, ""shared_actual_peak"": false, ""used_as_veto"": false}"
lower_middle_z1,lower,middle,z1,spectrum,8.566854010234238,0.11672896477579377,4.5119028164152475e-08,20.812499999999996,"[8.365872097970678, 8.777730416640004]",0.8326890628792926,1.7784154787396789,0.0004241345119239821,0.0004231656964109601,8.216606236187441e-13,8.33012606449999e-06,5.941605626694839e-06,False,"[""insufficient_local_prominence""]",profile_and_numerical_variants,passed,enhanced_near_gb_and_shared,"{""status"": ""passed"", ""reference_window"": ""Hann"", ""comparison_window"": ""Blackman"", ""amplitude_ratio"": 0.5822949736416846, ""matched_period_angstrom"": 8.45262929009778}","{""half_x_bin_origin"": {""status"": ""consistent"", ""profile_status"": ""resolved_profile"", ""matched_period_angstrom"": 8.566854010234238, ""amplitude_ratio"": 0.755897532234846, ""matched_amplitude_strain"": 4.491245030731304e-06}, ""smoothing_0.5_nn"": {""status"": ""consistent"", ""profile_status"": ""resolved_profile"", ""matched_period_angstrom"": 8.566854010234238, ""amplitude_ratio"": 1.1744663867275311, ""matched_amplitude_strain"": 6.978216091744255e-06}, ""smoothing_0.8_nn"": {""status"": ""consistent"", ""profile_status"": ""resolved_profile"", ""matched_period_angstrom"": 8.566854010234238, ""amplitude_ratio"": 0.7245167507386545, ""matched_amplitude_strain"": 4.304792802823451e-06}}","{""absolute_power_neighborhood_max_strain_squared"": 1.681092778686611e-14, ""absolute_power_ratio"": 48.87657802329528, ""matched_period_angstrom"": 8.744099265618395, ""matched_amplitude_strain"": 8.49871813956305e-07, ""shared_actual_peak"": true, ""used_as_veto"": false}"
lower_middle_z1,lower,middle,z1,spectrum,11.025168639257977,0.09070156046767759,2.1822297683977855e-08,16.171875,"[10.694516908746023, 11.376918785276176]",0.4169711570083386,0.003509901752589853,0.00020513716615482095,0.00020466858823135363,3.974048966342121e-13,4.028954038265605e-06,4.132132050063869e-06,False,"[""insufficient_local_prominence"", ""window_sensitive_possible_leakage""]",profile_and_numerical_variants,passed,enhanced_near_gb,"{""status"": ""failed"", ""reference_window"": ""Hann"", ""comparison_window"": ""Blackman"", ""amplitude_ratio"": null, ""matched_period_angstrom"": null}","{""half_x_bin_origin"": {""status"": ""consistent"", ""profile_status"": ""resolved_profile"", ""matched_period_angstrom"": 11.073313480477443, ""amplitude_ratio"": 1.1558266402537885, ""matched_amplitude_strain"": 4.77602830451032e-06}, ""smoothing_0.5_nn"": {""status"": ""consistent"", ""profile_status"": ""resolved_profile"", ""matched_period_angstrom"": 11.073313480477443, ""amplitude_ratio"": 1.1733619395447992, ""matched_amplitude_strain"": 4.848486476718168e-06}, ""smoothing_0.8_nn"": {""status"": ""consistent"", ""profile_status"": ""resolved_profile"", ""matched_period_angstrom"": 11.025168639257977, ""amplitude_ratio"": 0.8267522584103407, ""matched_amplitude_strain"": 3.4162495044400544e-06}}","{""absolute_power_neighborhood_max_strain_squared"": 1.0903775727556942e-14, ""absolute_power_ratio"": 36.44653985590119, ""matched_period_angstrom"": null, ""matched_amplitude_strain"": null, ""shared_actual_peak"": false, ""used_as_veto"": false}"
lower_middle_z1,lower,middle,z1,spectrum,7.778493211746425,0.12855960309766476,2.127434561011564e-08,22.921875,"[7.6124413219693166, 7.9519509000919895]",0.7363278246350012,2.1094653685515667,0.00019998622663192734,0.00019952941457512758,3.87426165685381e-13,3.927788077066933e-06,4.079923866329104e-06,True,[],profile_and_numerical_variants,passed,enhanced_near_gb,"{""status"": ""passed"", ""reference_window"": ""Hann"", ""comparison_window"": ""Blackman"", ""amplitude_ratio"": 1.0035536274665264, ""matched_period_angstrom"": 7.731063375089434}","{""half_x_bin_origin"": {""status"": ""consistent"", ""profile_status"": ""resolved_profile"", ""matched_period_angstrom"": 7.707564702216822, ""amplitude_ratio"": 1.3116539720616578, ""matched_amplitude_strain"": 5.351448344979726e-06}, ""smoothing_0.5_nn"": {""status"": ""consistent"", ""profile_status"": ""resolved_profile"", ""matched_period_angstrom"": 7.778493211746425, ""amplitude_ratio"": 1.4208010297076668, ""matched_amplitude_strain"": 5.796760030409276e-06}, ""smoothing_0.8_nn"": {""status"": ""consistent"", ""profile_status"": ""resolved_profile"", ""matched_period_angstrom"": 7.778493211746425, ""amplitude_ratio"": 0.6730474998645389, ""matched_amplitude_strain"": 2.7459825578704667e-06}}","{""absolute_power_neighborhood_max_strain_squared"": 4.852336077360809e-15, ""absolute_power_ratio"": 79.84322592430624, ""matched_period_angstrom"": null, ""matched_amplitude_strain"": null, ""shared_actual_peak"": false, ""used_as_veto"": false}"
lower_middle_z1,lower,middle,z1,spectrum,7.103049823611582,0.14078459603026477,1.011563250766341e-08,25.101562499999996,"[6.9643268487226155, 7.247411585666565]",0.44546690656897736,0.2620851627495317,9.509045365141408e-05,9.487324636446191e-05,1.8421533558536222e-13,1.867604366486319e-06,2.813328692940222e-06,False,"[""insufficient_local_prominence"", ""numerical_variant_inconsistent""]",profile_and_numerical_variants,failed,enhanced_near_gb,"{""status"": ""passed"", ""reference_window"": ""Hann"", ""comparison_window"": ""Blackman"", ""amplitude_ratio"": 0.9483913393103423, ""matched_period_angstrom"": 7.163245161099814}","{""half_x_bin_origin"": {""status"": ""consistent"", ""profile_status"": ""resolved_profile"", ""matched_period_angstrom"": 7.043857741748152, ""amplitude_ratio"": 1.4363427617234972, ""matched_amplitude_strain"": 4.040904304453715e-06}, ""smoothing_0.5_nn"": {""status"": ""unresolved_or_inconsistent"", ""profile_status"": ""resolved_profile"", ""matched_period_angstrom"": 7.163245161099814, ""amplitude_ratio"": 0.9542600834765571, ""matched_amplitude_strain"": 2.6846472733721295e-06}, ""smoothing_0.8_nn"": {""status"": ""consistent"", ""profile_status"": ""resolved_profile"", ""matched_period_angstrom"": 7.063478515402046, ""amplitude_ratio"": 0.7905057962441927, ""matched_amplitude_strain"": 2.223952638509344e-06}}","{""absolute_power_neighborhood_max_strain_squared"": 8.998785121721639e-15, ""absolute_power_ratio"": 20.47113394681418, ""matched_period_angstrom"": null, ""matched_amplitude_strain"": null, ""shared_actual_peak"": false, ""used_as_veto"": false}"
lower_outer_all,lower,outer,all,spectrum,39.62169979733335,0.025238695086658113,1.7884741444671698e-05,4.5,"[35.65952981760002, 44.57441227200002]",0.9952711569368304,81.58805900572722,1.0,1.0,3.2569823435081037e-10,0.02379911110276997,0.00011829469991057384,True,[],profile_and_numerical_variants,passed,enhanced_near_gb_and_shared,"{""status"": ""passed"", ""reference_window"": ""Hann"", ""comparison_window"": ""Blackman"", ""amplitude_ratio"": 0.98758865257626, ""matched_period_angstrom"": 39.01213518506668}","{""half_x_bin_origin"": {""status"": ""consistent"", ""profile_status"": ""resolved_profile"", ""matched_period_angstrom"": 39.62169979733335, ""amplitude_ratio"": 1.0006965220217863, ""matched_amplitude_strain"": 0.00011837709477412214}, ""smoothing_0.5_nn"": {""status"": ""consistent"", ""profile_status"": ""resolved_profile"", ""matched_period_angstrom"": 39.62169979733335, ""amplitude_ratio"": 1.013635834053613, ""matched_amplitude_strain"": 0.00011990774680797636}, ""smoothing_0.8_nn"": {""status"": ""consistent"", ""profile_status"": ""resolved_profile"", ""matched_period_angstrom"": 39.62169979733335, ""amplitude_ratio"": 0.9831496545070092, ""matched_amplitude_strain"": 0.00011630139334709099}}","{""absolute_power_neighborhood_max_strain_squared"": 2.0763384416348008e-12, ""absolute_power_ratio"": 156.86182359286886, ""matched_period_angstrom"": 37.847593836258724, ""matched_amplitude_strain"": 9.445102103422991e-06, ""shared_actual_peak"": true, ""used_as_veto"": false}"
lower_outer_all,lower,outer,all,spectrum,19.357166313201024,0.05166045400550333,2.860318271662775e-06,9.2109375,"[18.36049805572326, 20.468250298891487]",0.9956600534543582,59.15838254492224,0.15993064705528265,0.15993064705528265,5.2089129364488186e-11,0.0038062072380065626,4.730762374547536e-05,True,[],profile_and_numerical_variants,passed,enhanced_near_gb,"{""status"": ""passed"", ""reference_window"": ""Hann"", ""comparison_window"": ""Blackman"", ""amplitude_ratio"": 0.9932118362320193, ""matched_period_angstrom"": 19.357166313201024}","{""half_x_bin_origin"": {""status"": ""consistent"", ""profile_status"": ""resolved_profile"", ""matched_period_angstrom"": 19.357166313201024, ""amplitude_ratio"": 0.9937655981402853, ""matched_amplitude_strain"": 4.7012689008017886e-05}, ""smoothing_0.5_nn"": {""status"": ""consistent"", ""profile_status"": ""resolved_profile"", ""matched_period_angstrom"": 19.357166313201024, ""amplitude_ratio"": 1.0595321961104966, ""matched_amplitude_strain"": 5.012395047981259e-05}, ""smoothing_0.8_nn"": {""status"": ""consistent"", ""profile_status"": ""resolved_profile"", ""matched_period_angstrom"": 19.357166313201024, ""amplitude_ratio"": 0.9300278835556782, ""matched_amplitude_strain"": 4.39974091880528e-05}}","{""absolute_power_neighborhood_max_strain_squared"": 3.755521905567005e-15, ""absolute_power_ratio"": 13870.010793246543, ""matched_period_angstrom"": null, ""matched_amplitude_strain"": null, ""shared_actual_peak"": false, ""used_as_veto"": false}"
lower_outer_all,lower,outer,all,spectrum,12.93769789300681,0.07729350370289047,8.019582613765828e-08,13.781249999999998,"[12.484736916446396, 13.42476416662589]",0.9660930442770047,16.62441560023227,0.004484036092204765,0.004484036092204765,1.4604426379963993e-12,0.00010671607314721169,7.921361562631969e-06,True,[],profile_and_numerical_variants,passed,enhanced_near_gb,"{""status"": ""passed"", ""reference_window"": ""Hann"", ""comparison_window"": ""Blackman"", ""amplitude_ratio"": 1.0138519756902562, ""matched_period_angstrom"": 12.872024299641291}","{""half_x_bin_origin"": {""status"": ""consistent"", ""profile_status"": ""resolved_profile"", ""matched_period_angstrom"": 12.93769789300681, ""amplitude_ratio"": 1.0130449450672865, ""matched_amplitude_strain"": 8.024695289074617e-06}, ""smoothing_0.5_nn"": {""status"": ""consistent"", ""profile_status"": ""resolved_profile"", ""matched_period_angstrom"": 12.93769789300681, ""amplitude_ratio"": 1.124399908284292, ""matched_amplitude_strain"": 8.906778214510102e-06}, ""smoothing_0.8_nn"": {""status"": ""consistent"", ""profile_status"": ""resolved_profile"", ""matched_period_angstrom"": 12.93769789300681, ""amplitude_ratio"": 0.8616749634267762, ""matched_amplitude_strain"": 6.825638934771172e-06}}","{""absolute_power_neighborhood_max_strain_squared"": 1.2227235554068085e-15, ""absolute_power_ratio"": 1194.4176846339565, ""matched_period_angstrom"": null, ""matched_amplitude_strain"": null, ""shared_actual_peak"": false, ""used_as_veto"": false}"
lower_outer_all,lower,outer,all,spectrum,9.790690297410558,0.10213784417881955,2.071978851944051e-08,18.2109375,"[9.529060160026727, 10.06709267016498]",0.8722431827376249,5.965911538924386,0.0011585176438552005,0.0011585176438552005,3.7732715106789975e-13,2.757169012062921e-05,4.02639717848219e-06,True,[],profile_and_numerical_variants,passed,enhanced_near_gb,"{""status"": ""passed"", ""reference_window"": ""Hann"", ""comparison_window"": ""Blackman"", ""amplitude_ratio"": 1.039983452395201, ""matched_period_angstrom"": 9.75303379626667}","{""half_x_bin_origin"": {""status"": ""consistent"", ""profile_status"": ""resolved_profile"", ""matched_period_angstrom"": 9.715665850687104, ""amplitude_ratio"": 1.045699648869968, ""matched_amplitude_strain"": 4.210402115749856e-06}, ""smoothing_0.5_nn"": {""status"": ""consistent"", ""profile_status"": ""resolved_profile"", ""matched_period_angstrom"": 9.790690297410558, ""amplitude_ratio"": 1.2446818338817456, ""matched_amplitude_strain"": 5.0115834240494985e-06}, ""smoothing_0.8_nn"": {""status"": ""consistent"", ""profile_status"": ""resolved_profile"", ""matched_period_angstrom"": 9.790690297410558, ""amplitude_ratio"": 0.7600207532402136, ""matched_amplitude_strain"": 3.060145416434305e-06}}","{""absolute_power_neighborhood_max_strain_squared"": 1.1893901392764249e-14, ""absolute_power_ratio"": 31.724422341137767, ""matched_period_angstrom"": null, ""matched_amplitude_strain"": null, ""shared_actual_peak"": false, ""used_as_veto"": false}"
lower_outer_all,lower,outer,all,spectrum,24.860674382640536,0.040224170294361365,1.2445158301433012e-08,7.171874999999999,"[23.240426765034634, 26.723769418341934]",0.0025335072588208393,1.319583864850505e-05,0.0006958534088923454,0.0006958534088923454,2.266382266432294e-13,1.656069258947015e-05,3.1204998529305956e-06,False,"[""insufficient_local_prominence"", ""window_sensitive_possible_leakage"", ""numerical_variant_inconsistent""]",profile_and_numerical_variants,failed,enhanced_near_gb,"{""status"": ""failed"", ""reference_window"": ""Hann"", ""comparison_window"": ""Blackman"", ""amplitude_ratio"": null, ""matched_period_angstrom"": null}","{""half_x_bin_origin"": {""status"": ""unresolved_or_inconsistent"", ""profile_status"": ""resolved_profile"", ""matched_period_angstrom"": 25.106819673557766, ""amplitude_ratio"": 1.1323825596079413, ""matched_amplitude_strain"": 3.533599610717752e-06}, ""smoothing_0.5_nn"": {""status"": ""unresolved_or_inconsistent"", ""profile_status"": ""resolved_profile"", ""matched_period_angstrom"": 25.106819673557766, ""amplitude_ratio"": 1.0078442676932167, ""matched_amplitude_strain"": 3.1449778891136266e-06}, ""smoothing_0.8_nn"": {""status"": ""unresolved_or_inconsistent"", ""profile_status"": ""resolved_profile"", ""matched_period_angstrom"": null, ""amplitude_ratio"": null, ""matched_amplitude_strain"": null}}","{""absolute_power_neighborhood_max_strain_squared"": 1.0246983714409206e-14, ""absolute_power_ratio"": 22.11755507374653, ""matched_period_angstrom"": null, ""matched_amplitude_strain"": null, ""shared_actual_peak"": false, ""used_as_veto"": false}"
lower_outer_all,lower,outer,all,spectrum,15.462126750178868,0.06467415615956142,1.8435244645799629e-09,11.53125,"[14.819544859262344, 16.16295969069689]",0.8563424928220419,0.020998795789520797,0.00010307806071913854,0.00010307806071913854,3.3572342376529044e-14,2.453166219312847e-06,1.2010149308254645e-06,False,"[""insufficient_local_prominence"", ""window_sensitive_possible_leakage""]",profile_and_numerical_variants,passed,shared_with_far_field,"{""status"": ""failed"", ""reference_window"": ""Hann"", ""comparison_window"": ""Blackman"", ""amplitude_ratio"": null, ""matched_period_angstrom"": null}","{""half_x_bin_origin"": {""status"": ""consistent"", ""profile_status"": ""resolved_profile"", ""matched_period_angstrom"": 15.462126750178868, ""amplitude_ratio"": 1.5750010818391798, ""matched_amplitude_strain"": 1.8915998153551142e-06}, ""smoothing_0.5_nn"": {""status"": ""consistent"", ""profile_status"": ""resolved_profile"", ""matched_period_angstrom"": 15.462126750178868, ""amplitude_ratio"": 1.0806892008348414, ""matched_amplitude_strain"": 1.2979238657844835e-06}, ""smoothing_0.8_nn"": {""status"": ""consistent"", ""profile_status"": ""resolved_profile"", ""matched_period_angstrom"": 15.462126750178868, ""amplitude_ratio"": 0.9331966577279277, ""matched_amplitude_strain"": 1.1207831193276618e-06}}","{""absolute_power_neighborhood_max_strain_squared"": 1.1410936478557722e-14, ""absolute_power_ratio"": 2.9421198198425516, ""matched_period_angstrom"": 14.916404629584322, ""matched_amplitude_strain"": 7.001937480333751e-07, ""shared_actual_peak"": true, ""used_as_veto"": false}"
lower_outer_all,lower,outer,all,spectrum,7.999333713026292,0.12501041160110346,7.749112698414282e-10,22.289062499999996,"[7.823825534200895, 8.182896767036217]",0.36439684706026126,0.4992993607020434,4.332806667844187e-05,4.332806667844187e-05,1.4111874815002698e-14,1.0311694727484635e-06,7.786637238556753e-07,False,"[""insufficient_local_prominence"", ""numerical_variant_inconsistent""]",profile_and_numerical_variants,failed,enhanced_near_gb,"{""status"": ""passed"", ""reference_window"": ""Hann"", ""comparison_window"": ""Blackman"", ""amplitude_ratio"": 0.9434290262263365, ""matched_period_angstrom"": 7.949181150562177}","{""half_x_bin_origin"": {""status"": ""unresolved_or_inconsistent"", ""profile_status"": ""resolved_profile"", ""matched_period_angstrom"": 8.206436203978429, ""amplitude_ratio"": 0.6567167666573682, ""matched_amplitude_strain"": 5.11361523043885e-07}, ""smoothing_0.5_nn"": {""status"": ""consistent"", ""profile_status"": ""resolved_profile"", ""matched_period_angstrom"": 8.024648060219413, ""amplitude_ratio"": 1.2011301141622346, ""matched_amplitude_strain"": 9.35276447528758e-07}, ""smoothing_0.8_nn"": {""status"": ""consistent"", ""profile_status"": ""resolved_profile"", ""matched_period_angstrom"": 7.999333713026292, ""amplitude_ratio"": 0.7822712060772313, ""matched_amplitude_strain"": 6.091262103891673e-07}}","{""absolute_power_neighborhood_max_strain_squared"": 3.93051133221221e-15, ""absolute_power_ratio"": 3.590340701819096, ""matched_period_angstrom"": null, ""matched_amplitude_strain"": null, ""shared_actual_peak"": false, ""used_as_veto"": false}"
lower_outer_all,lower,outer,all,spectrum,7.458202314792161,0.1340805676478712,5.678070482105493e-10,23.906249999999996,"[7.305409437664537, 7.617523058499336]",0.13256440209401832,0.16141807362227786,3.1748127305453046e-05,3.1748127305453046e-05,1.0340309007330808e-14,7.555772090473621e-07,6.665371242843374e-07,False,"[""insufficient_local_prominence""]",profile_and_numerical_variants,passed,shared_with_far_field,"{""status"": ""passed"", ""reference_window"": ""Hann"", ""comparison_window"": ""Blackman"", ""amplitude_ratio"": 1.032058339023441, ""matched_period_angstrom"": 7.392970224575319}","{""half_x_bin_origin"": {""status"": ""consistent"", ""profile_status"": ""resolved_profile"", ""matched_period_angstrom"": 7.480202911590957, ""amplitude_ratio"": 1.5285067233586347, ""matched_amplitude_strain"": 1.0188064758367396e-06}, ""smoothing_0.5_nn"": {""status"": ""consistent"", ""profile_status"": ""resolved_profile"", ""matched_period_angstrom"": 7.371479032062019, ""amplitude_ratio"": 1.4645896403255136, ""matched_amplitude_strain"": 9.762033671191999e-07}, ""smoothing_0.8_nn"": {""status"": ""consistent"", ""profile_status"": ""resolved_profile"", ""matched_period_angstrom"": 7.5023336894359005, ""amplitude_ratio"": 0.6531673426672758, ""matched_amplitude_strain"": 4.353602822578884e-07}}","{""absolute_power_neighborhood_max_strain_squared"": 9.061413551055372e-15, ""absolute_power_ratio"": 1.141136418624938, ""matched_period_angstrom"": 7.3288693266743765, ""matched_amplitude_strain"": 6.239582919184068e-07, ""shared_actual_peak"": true, ""used_as_veto"": false}"
lower_outer_all,lower,outer,all,spectrum,6.502022530844447,0.1537982981843229,3.4722918674117666e-10,27.421875,"[6.385590118428654, 6.622779768793967]",0.8891970431417451,3.1012528235771843,1.941482843435932e-05,1.941482843435932e-05,6.323375341294738e-15,4.62055658950535e-07,5.212331941039139e-07,True,[],profile_and_numerical_variants,passed,enhanced_near_gb,"{""status"": ""passed"", ""reference_window"": ""Hann"", ""comparison_window"": ""Blackman"", ""amplitude_ratio"": 0.9245002869758704, ""matched_period_angstrom"": 6.468848946503405}","{""half_x_bin_origin"": {""status"": ""consistent"", ""profile_status"": ""resolved_profile"", ""matched_period_angstrom"": 6.468848946503405, ""amplitude_ratio"": 0.3054680203413406, ""matched_amplitude_strain"": 1.592200719391163e-07}, ""smoothing_0.5_nn"": {""status"": ""consistent"", ""profile_status"": ""resolved_profile"", ""matched_period_angstrom"": 6.485393317210574, ""amplitude_ratio"": 1.4621897770003236, ""matched_amplitude_strain"": 7.621418478519682e-07}, ""smoothing_0.8_nn"": {""status"": ""consistent"", ""profile_status"": ""resolved_profile"", ""matched_period_angstrom"": 6.5355381109003465, ""amplitude_ratio"": 0.6228756636741035, ""matched_amplitude_strain"": 3.246634717064482e-07}}","{""absolute_power_neighborhood_max_strain_squared"": 1.3443655474581357e-15, ""absolute_power_ratio"": 4.703613056174107, ""matched_period_angstrom"": null, ""matched_amplitude_strain"": null, ""shared_actual_peak"": false, ""used_as_veto"": false}"
lower_outer_z0,lower,outer,z0,spectrum,39.62169979733335,0.025238695086658113,1.7884752947851295e-05,4.5,"[35.65952981760002, 44.57441227200002]",0.9952711833857119,81.5873931310422,1.0,1.0,3.2569844383470453e-10,0.023799128811129493,0.00011829473795319703,True,[],profile_and_numerical_variants,passed,enhanced_near_gb_and_shared,"{""status"": ""passed"", ""reference_window"": ""Hann"", ""comparison_window"": ""Blackman"", ""amplitude_ratio"": 0.9875886880340661, ""matched_period_angstrom"": 39.01213518506668}","{""half_x_bin_origin"": {""status"": ""consistent"", ""profile_status"": ""resolved_profile"", ""matched_period_angstrom"": 39.62169979733335, ""amplitude_ratio"": 1.0006966767493897, ""matched_amplitude_strain"": 0.00011837715114670416}, ""smoothing_0.5_nn"": {""status"": ""consistent"", ""profile_status"": ""resolved_profile"", ""matched_period_angstrom"": 39.62169979733335, ""amplitude_ratio"": 1.013635847801648, ""matched_amplitude_strain"": 0.00011990778699566268}, ""smoothing_0.8_nn"": {""status"": ""consistent"", ""profile_status"": ""resolved_profile"", ""matched_period_angstrom"": 39.62169979733335, ""amplitude_ratio"": 0.9831496498600956, ""matched_amplitude_strain"": 0.00011630143019897742}}","{""absolute_power_neighborhood_max_strain_squared"": 2.076281148087391e-12, ""absolute_power_ratio"": 156.86625298058902, ""matched_period_angstrom"": 37.847593836258724, ""matched_amplitude_strain"": 9.444971790578185e-06, ""shared_actual_peak"": true, ""used_as_veto"": false}"
lower_outer_z0,lower,outer,z0,spectrum,19.357166313201024,0.05166045400550333,2.8603006447926278e-06,9.2109375,"[18.36049805572326, 20.468250298891487]",0.9956601525676997,59.16001202016723,0.15992955860965746,0.15992955860965746,5.208880836233661e-11,0.003806184166058322,4.730747797732191e-05,True,[],profile_and_numerical_variants,passed,enhanced_near_gb,"{""status"": ""passed"", ""reference_window"": ""Hann"", ""comparison_window"": ""Blackman"", ""amplitude_ratio"": 0.9932115099804198, ""matched_period_angstrom"": 19.357166313201024}","{""half_x_bin_origin"": {""status"": ""consistent"", ""profile_status"": ""resolved_profile"", ""matched_period_angstrom"": 19.357166313201024, ""amplitude_ratio"": 0.9937701433811753, ""matched_amplitude_strain"": 4.701275917252499e-05}, ""smoothing_0.5_nn"": {""status"": ""consistent"", ""profile_status"": ""resolved_profile"", ""matched_period_angstrom"": 19.357166313201024, ""amplitude_ratio"": 1.0595321550024956, ""matched_amplitude_strain"": 5.012379408904499e-05}, ""smoothing_0.8_nn"": {""status"": ""consistent"", ""profile_status"": ""resolved_profile"", ""matched_period_angstrom"": 19.357166313201024, ""amplitude_ratio"": 0.930027916606863, ""matched_amplitude_strain"": 4.399727518317375e-05}}","{""absolute_power_neighborhood_max_strain_squared"": 3.756976915310867e-15, ""absolute_power_ratio"": 13864.553745341973, ""matched_period_angstrom"": null, ""matched_amplitude_strain"": null, ""shared_actual_peak"": false, ""used_as_veto"": false}"
lower_outer_z0,lower,outer,z0,spectrum,12.93769789300681,0.07729350370289047,8.019664929942756e-08,13.781249999999998,"[12.484736916446396, 13.42476416662589]",0.9660838606190926,16.620625339710767,0.0044840792340417835,0.0044840792340417835,1.4604576285589226e-12,0.00010671717929027127,7.921402216526198e-06,True,[],profile_and_numerical_variants,passed,enhanced_near_gb,"{""status"": ""passed"", ""reference_window"": ""Hann"", ""comparison_window"": ""Blackman"", ""amplitude_ratio"": 1.0138568990694115, ""matched_period_angstrom"": 12.872024299641291}","{""half_x_bin_origin"": {""status"": ""consistent"", ""profile_status"": ""resolved_profile"", ""matched_period_angstrom"": 12.93769789300681, ""amplitude_ratio"": 1.013060343398066, ""matched_amplitude_strain"": 8.024858449668231e-06}, ""smoothing_0.5_nn"": {""status"": ""consistent"", ""profile_status"": ""resolved_profile"", ""matched_period_angstrom"": 12.93769789300681, ""amplitude_ratio"": 1.1244011998694277, ""matched_amplitude_strain"": 8.906834156910401e-06}, ""smoothing_0.8_nn"": {""status"": ""consistent"", ""profile_status"": ""resolved_profile"", ""matched_period_angstrom"": 12.93769789300681, ""amplitude_ratio"": 0.8616744158311237, ""matched_amplitude_strain"": 6.82566962748858e-06}}","{""absolute_power_neighborhood_max_strain_squared"": 1.2223964284023643e-15, ""absolute_power_ratio"": 1194.7495874703243, ""matched_period_angstrom"": null, ""matched_amplitude_strain"": null, ""shared_actual_peak"": false, ""used_as_veto"": false}"
lower_outer_z0,lower,outer,z0,spectrum,9.790690297410558,0.10213784417881955,2.0725113332620308e-08,18.2109375,"[9.529060160026727, 10.06709267016498]",0.8714144146379765,5.9211944885875765,0.001158814627915241,0.001158814627915241,3.7742412100488615e-13,2.7578778597975914e-05,4.026914520525922e-06,True,[],profile_and_numerical_variants,passed,enhanced_near_gb,"{""status"": ""passed"", ""reference_window"": ""Hann"", ""comparison_window"": ""Blackman"", ""amplitude_ratio"": 1.0401520283721684, ""matched_period_angstrom"": 9.75303379626667}","{""half_x_bin_origin"": {""status"": ""consistent"", ""profile_status"": ""resolved_profile"", ""matched_period_angstrom"": 9.715665850687104, ""amplitude_ratio"": 1.0454096826858927, ""matched_amplitude_strain"": 4.209775431106218e-06}, ""smoothing_0.5_nn"": {""status"": ""consistent"", ""profile_status"": ""resolved_profile"", ""matched_period_angstrom"": 9.790690297410558, ""amplitude_ratio"": 1.2446925326380067, ""matched_amplitude_strain"": 5.012270433270175e-06}, ""smoothing_0.8_nn"": {""status"": ""consistent"", ""profile_status"": ""resolved_profile"", ""matched_period_angstrom"": 9.790690297410558, ""amplitude_ratio"": 0.7600152108285069, ""matched_amplitude_strain"": 3.0605162883058847e-06}}","{""absolute_power_neighborhood_max_strain_squared"": 1.1890420263430138e-14, ""absolute_power_ratio"": 31.74186552225423, ""matched_period_angstrom"": null, ""matched_amplitude_strain"": null, ""shared_actual_peak"": false, ""used_as_veto"": false}"
lower_outer_z0,lower,outer,z0,spectrum,24.860674382640536,0.040224170294361365,1.244484073744114e-08,7.171874999999999,"[23.240426765034634, 26.723769418341934]",0.0025369813239842494,1.3213661558233639e-05,0.000695835205201215,0.000695835205201215,2.26632443499438e-13,1.6560271679902436e-05,3.1204600396679757e-06,False,"[""insufficient_local_prominence"", ""window_sensitive_possible_leakage"", ""numerical_variant_inconsistent""]",profile_and_numerical_variants,failed,enhanced_near_gb,"{""status"": ""failed"", ""reference_window"": ""Hann"", ""comparison_window"": ""Blackman"", ""amplitude_ratio"": null, ""matched_period_angstrom"": null}","{""half_x_bin_origin"": {""status"": ""unresolved_or_inconsistent"", ""profile_status"": ""resolved_profile"", ""matched_period_angstrom"": 25.106819673557766, ""amplitude_ratio"": 1.1323905967567856, ""matched_amplitude_strain"": 3.5335796064753217e-06}, ""smoothing_0.5_nn"": {""status"": ""unresolved_or_inconsistent"", ""profile_status"": ""resolved_profile"", ""matched_period_angstrom"": 25.106819673557766, ""amplitude_ratio"": 1.0078448148840993, ""matched_amplitude_strain"": 3.1449394710323997e-06}, ""smoothing_0.8_nn"": {""status"": ""unresolved_or_inconsistent"", ""profile_status"": ""resolved_profile"", ""matched_period_angstrom"": null, ""amplitude_ratio"": null, ""matched_amplitude_strain"": null}}","{""absolute_power_neighborhood_max_strain_squared"": 1.024793123177205e-14, ""absolute_power_ratio"": 22.11494577528007, ""matched_period_angstrom"": null, ""matched_amplitude_strain"": null, ""shared_actual_peak"": false, ""used_as_veto"": false}"
lower_outer_z0,lower,outer,z0,spectrum,15.462126750178868,0.06467415615956142,1.8434764328656044e-09,11.53125,"[14.819544859262344, 16.16295969069689]",0.8563396001801429,0.020998166454907437,0.00010307530879743479,0.00010307530879743479,3.357146767310614e-14,2.4531025513171e-06,1.2009992849300728e-06,False,"[""insufficient_local_prominence"", ""window_sensitive_possible_leakage""]",profile_and_numerical_variants,passed,shared_with_far_field,"{""status"": ""failed"", ""reference_window"": ""Hann"", ""comparison_window"": ""Blackman"", ""amplitude_ratio"": null, ""matched_period_angstrom"": null}","{""half_x_bin_origin"": {""status"": ""consistent"", ""profile_status"": ""resolved_profile"", ""matched_period_angstrom"": 15.462126750178868, ""amplitude_ratio"": 1.5749655553348052, ""matched_amplitude_strain"": 1.891532505746596e-06}, ""smoothing_0.5_nn"": {""status"": ""consistent"", ""profile_status"": ""resolved_profile"", ""matched_period_angstrom"": 15.462126750178868, ""amplitude_ratio"": 1.0806765601903365, ""matched_amplitude_strain"": 1.297891776029285e-06}, ""smoothing_0.8_nn"": {""status"": ""consistent"", ""profile_status"": ""resolved_profile"", ""matched_period_angstrom"": 15.462126750178868, ""amplitude_ratio"": 0.9332014570507738, ""matched_amplitude_strain"": 1.1207742826136815e-06}}","{""absolute_power_neighborhood_max_strain_squared"": 1.1412218578458519e-14, ""absolute_power_ratio"": 2.941712642664853, ""matched_period_angstrom"": 14.916404629584322, ""matched_amplitude_strain"": 7.002330828032133e-07, ""shared_actual_peak"": true, ""used_as_veto"": false}"
lower_outer_z0,lower,outer,z0,spectrum,7.999333713026292,0.12501041160110346,7.748168719482485e-10,22.289062499999996,"[7.823825534200895, 8.182896767036217]",0.36471168812676535,0.5001847700161132,4.3322760689369e-05,4.3322760689369e-05,1.4110155739150796e-14,1.0310439621000301e-06,7.786162949069989e-07,False,"[""insufficient_local_prominence"", ""numerical_variant_inconsistent""]",profile_and_numerical_variants,failed,enhanced_near_gb,"{""status"": ""passed"", ""reference_window"": ""Hann"", ""comparison_window"": ""Blackman"", ""amplitude_ratio"": 0.9434330951905385, ""matched_period_angstrom"": 7.949181150562177}","{""half_x_bin_origin"": {""status"": ""unresolved_or_inconsistent"", ""profile_status"": ""resolved_profile"", ""matched_period_angstrom"": 8.206436203978429, ""amplitude_ratio"": 0.6568074848460606, ""matched_amplitude_strain"": 5.114010103180245e-07}, ""smoothing_0.5_nn"": {""status"": ""consistent"", ""profile_status"": ""resolved_profile"", ""matched_period_angstrom"": 8.024648060219413, ""amplitude_ratio"": 1.201067883974589, ""matched_amplitude_strain"": 9.351710257520837e-07}, ""smoothing_0.8_nn"": {""status"": ""consistent"", ""profile_status"": ""resolved_profile"", ""matched_period_angstrom"": 7.999333713026292, ""amplitude_ratio"": 0.7822977652738455, ""matched_amplitude_strain"": 6.091097875115468e-07}}","{""absolute_power_neighborhood_max_strain_squared"": 3.937546082518468e-15, ""absolute_power_ratio"": 3.5834896769324645, ""matched_period_angstrom"": null, ""matched_amplitude_strain"": null, ""shared_actual_peak"": false, ""used_as_veto"": false}"
lower_outer_z0,lower,outer,z0,spectrum,7.458202314792161,0.1340805676478712,5.672072755006947e-10,23.906249999999996,"[7.305409437664537, 7.617523058499336]",0.13218302399878137,0.1608941959443508,3.171457146512275e-05,3.171457146512275e-05,1.0329386573075005e-14,7.547791714882282e-07,6.661850007914696e-07,False,"[""insufficient_local_prominence""]",profile_and_numerical_variants,passed,shared_with_far_field,"{""status"": ""passed"", ""reference_window"": ""Hann"", ""comparison_window"": ""Blackman"", ""amplitude_ratio"": 1.0320146281474936, ""matched_period_angstrom"": 7.392970224575319}","{""half_x_bin_origin"": {""status"": ""consistent"", ""profile_status"": ""resolved_profile"", ""matched_period_angstrom"": 7.480202911590957, ""amplitude_ratio"": 1.5294218773439283, ""matched_amplitude_strain"": 1.0188779145688557e-06}, ""smoothing_0.5_nn"": {""status"": ""consistent"", ""profile_status"": ""resolved_profile"", ""matched_period_angstrom"": 7.371479032062019, ""amplitude_ratio"": 1.4645506623534144, ""matched_amplitude_strain"": 9.756616841590567e-07}, ""smoothing_0.8_nn"": {""status"": ""consistent"", ""profile_status"": ""resolved_profile"", ""matched_period_angstrom"": 7.5023336894359005, ""amplitude_ratio"": 0.6531978904845712, ""matched_amplitude_strain"": 4.3515063718945036e-07}}","{""absolute_power_neighborhood_max_strain_squared"": 9.059875806886173e-15, ""absolute_power_ratio"": 1.1401245219304121, ""matched_period_angstrom"": 7.3288693266743765, ""matched_amplitude_strain"": 6.239053460435635e-07, ""shared_actual_peak"": true, ""used_as_veto"": false}"
lower_outer_z0,lower,outer,z0,spectrum,6.502022530844447,0.1537982981843229,3.472206736288369e-10,27.421875,"[6.385590118428654, 6.622779768793967]",0.8892487209755122,3.101983160247692,1.9414339948741233e-05,1.9414339948741233e-05,6.323220309382956e-15,4.620443772231497e-07,5.212268044568103e-07,True,[],profile_and_numerical_variants,passed,enhanced_near_gb,"{""status"": ""passed"", ""reference_window"": ""Hann"", ""comparison_window"": ""Blackman"", ""amplitude_ratio"": 0.924481174847045, ""matched_period_angstrom"": 6.468848946503405}","{""half_x_bin_origin"": {""status"": ""consistent"", ""profile_status"": ""resolved_profile"", ""matched_period_angstrom"": 6.468848946503405, ""amplitude_ratio"": 0.3055284534322425, ""matched_amplitude_strain"": 1.5924961945311913e-07}, ""smoothing_0.5_nn"": {""status"": ""consistent"", ""profile_status"": ""resolved_profile"", ""matched_period_angstrom"": 6.485393317210574, ""amplitude_ratio"": 1.4621927580929386, ""matched_amplitude_strain"": 7.621340588006723e-07}, ""smoothing_0.8_nn"": {""status"": ""consistent"", ""profile_status"": ""resolved_profile"", ""matched_period_angstrom"": 6.5355381109003465, ""amplitude_ratio"": 0.6228733258703707, ""matched_amplitude_strain"": 3.2465827322479876e-07}}","{""absolute_power_neighborhood_max_strain_squared"": 1.3433467797187163e-15, ""absolute_power_ratio"": 4.707064776458523, ""matched_period_angstrom"": null, ""matched_amplitude_strain"": null, ""shared_actual_peak"": false, ""used_as_veto"": false}"
lower_outer_z1,lower,outer,z1,spectrum,39.62169979733335,0.025238695086658113,1.7884729941738174e-05,4.5,"[35.65952981760002, 44.57441227200002]",0.9952711304879187,81.58872487123456,1.0,1.0,3.256980248713974e-10,0.023799093338826818,0.0001182946618687522,True,[],profile_and_numerical_variants,passed,enhanced_near_gb_and_shared,"{""status"": ""passed"", ""reference_window"": ""Hann"", ""comparison_window"": ""Blackman"", ""amplitude_ratio"": 0.9875886171196923, ""matched_period_angstrom"": 39.01213518506668}","{""half_x_bin_origin"": {""status"": ""consistent"", ""profile_status"": ""resolved_profile"", ""matched_period_angstrom"": 39.62169979733335, ""amplitude_ratio"": 1.0006963672945959, ""matched_amplitude_strain"": 0.00011837703840240289}, ""smoothing_0.5_nn"": {""status"": ""consistent"", ""profile_status"": ""resolved_profile"", ""matched_period_angstrom"": 39.62169979733335, ""amplitude_ratio"": 1.0136358203063363, ""matched_amplitude_strain"": 0.00011990770662119332}, ""smoothing_0.8_nn"": {""status"": ""consistent"", ""profile_status"": ""resolved_profile"", ""matched_period_angstrom"": 39.62169979733335, ""amplitude_ratio"": 0.9831496591536502, ""matched_amplitude_strain"": 0.00011630135649596003}}","{""absolute_power_neighborhood_max_strain_squared"": 2.0763957405164053e-12, ""absolute_power_ratio"": 156.8573940487835, ""matched_period_angstrom"": 37.847593836258724, ""matched_amplitude_strain"": 9.445232426602165e-06, ""shared_actual_peak"": true, ""used_as_veto"": false}"
lower_outer_z1,lower,outer,z1,spectrum,19.357166313201024,0.05166045400550333,2.8603358987179307e-06,9.2109375,"[18.36049805572326, 20.468250298891487]",0.995659954340137,59.15675310331389,0.15993173551045198,0.15993173551045198,5.2089450370008936e-11,0.0038062303012538095,4.73077695147096e-05,True,[],profile_and_numerical_variants,passed,enhanced_near_gb,"{""status"": ""passed"", ""reference_window"": ""Hann"", ""comparison_window"": ""Blackman"", ""amplitude_ratio"": 0.9932121624858252, ""matched_period_angstrom"": 19.357166313201024}","{""half_x_bin_origin"": {""status"": ""consistent"", ""profile_status"": ""resolved_profile"", ""matched_period_angstrom"": 19.357166313201024, ""amplitude_ratio"": 0.9937610529168014, ""matched_amplitude_strain"": 4.701261884408317e-05}, ""smoothing_0.5_nn"": {""status"": ""consistent"", ""profile_status"": ""resolved_profile"", ""matched_period_angstrom"": 19.357166313201024, ""amplitude_ratio"": 1.0595322372195042, ""matched_amplitude_strain"": 5.0124106871784924e-05}, ""smoothing_0.8_nn"": {""status"": ""consistent"", ""profile_status"": ""resolved_profile"", ""matched_period_angstrom"": 19.357166313201024, ""amplitude_ratio"": 0.9300278505039201, ""matched_amplitude_strain"": 4.399754319390025e-05}}","{""absolute_power_neighborhood_max_strain_squared"": 3.75406738459437e-15, ""absolute_power_ratio"": 13875.47026560293, ""matched_period_angstrom"": null, ""matched_amplitude_strain"": null, ""shared_actual_peak"": false, ""used_as_veto"": false}"
lower_outer_z1,lower,outer,z1,spectrum,12.93769789300681,0.07729350370289047,8.019500298225807e-08,13.781249999999998,"[12.484736916446396, 13.42476416662589]",0.966102224621978,16.628206511142842,0.004483992950606673,0.004483992950606673,1.4604276475498629e-12,0.00010671496676212967,7.921320908843651e-06,True,[],profile_and_numerical_variants,passed,enhanced_near_gb,"{""status"": ""passed"", ""reference_window"": ""Hann"", ""comparison_window"": ""Blackman"", ""amplitude_ratio"": 1.0138470523287961, ""matched_period_angstrom"": 12.872024299641291}","{""half_x_bin_origin"": {""status"": ""consistent"", ""profile_status"": ""resolved_profile"", ""matched_period_angstrom"": 12.93769789300681, ""amplitude_ratio"": 1.0130295471826316, ""matched_amplitude_strain"": 8.024532133374196e-06}, ""smoothing_0.5_nn"": {""status"": ""consistent"", ""profile_status"": ""resolved_profile"", ""matched_period_angstrom"": 12.93769789300681, ""amplitude_ratio"": 1.1243986166999964, ""matched_amplitude_strain"": 8.90672227234056e-06}, ""smoothing_0.8_nn"": {""status"": ""consistent"", ""profile_status"": ""resolved_profile"", ""matched_period_angstrom"": 12.93769789300681, ""amplitude_ratio"": 0.8616755110238512, ""matched_amplitude_strain"": 6.825608242111771e-06}}","{""absolute_power_neighborhood_max_strain_squared"": 1.2230511242277186e-15, ""absolute_power_ratio"": 1194.0855280861892, ""matched_period_angstrom"": null, ""matched_amplitude_strain"": null, ""shared_actual_peak"": false, ""used_as_veto"": false}"
lower_outer_z1,lower,outer,z1,spectrum,9.790690297410558,0.10213784417881955,2.0714464814364543e-08,18.2109375,"[9.529060160026727, 10.06709267016498]",0.873069289085861,6.0110807637211705,0.0011582207213552901,0.0011582207213552901,3.772302013105431e-13,2.756460305449787e-05,4.02587987763851e-06,True,[],profile_and_numerical_variants,passed,enhanced_near_gb,"{""status"": ""passed"", ""reference_window"": ""Hann"", ""comparison_window"": ""Blackman"", ""amplitude_ratio"": 1.0398148739062543, ""matched_period_angstrom"": 9.75303379626667}","{""half_x_bin_origin"": {""status"": ""consistent"", ""profile_status"": ""resolved_profile"", ""matched_period_angstrom"": 9.715665850687104, ""amplitude_ratio"": 1.045989704532897, ""matched_amplitude_strain"": 4.21102890369604e-06}, ""smoothing_0.5_nn"": {""status"": ""consistent"", ""profile_status"": ""resolved_profile"", ""matched_period_angstrom"": 9.790690297410558, ""amplitude_ratio"": 1.2446711340427237, ""matched_amplitude_strain"": 5.010896472820105e-06}, ""smoothing_0.8_nn"": {""status"": ""consistent"", ""profile_status"": ""resolved_profile"", ""matched_period_angstrom"": 9.790690297410558, ""amplitude_ratio"": 0.7600262962451942, ""matched_amplitude_strain"": 3.0597745725296527e-06}}","{""absolute_power_neighborhood_max_strain_squared"": 1.1897383746336791e-14, ""absolute_power_ratio"": 31.706987801136734, ""matched_period_angstrom"": null, ""matched_amplitude_strain"": null, ""shared_actual_peak"": false, ""used_as_veto"": false}"
lower_outer_z1,lower,outer,z1,spectrum,24.860674382640536,0.040224170294361365,1.244547587253383e-08,7.171874999999999,"[23.240426765034634, 26.723769418341934]",0.002530033393269198,1.3178016038235396e-05,0.0006958716129948051,0.0006958716129948051,2.2664400991648144e-13,1.6561113469503338e-05,3.120539666576497e-06,False,"[""insufficient_local_prominence"", ""window_sensitive_possible_leakage"", ""numerical_variant_inconsistent""]",profile_and_numerical_variants,failed,enhanced_near_gb,"{""status"": ""failed"", ""reference_window"": ""Hann"", ""comparison_window"": ""Blackman"", ""amplitude_ratio"": null, ""matched_period_angstrom"": null}","{""half_x_bin_origin"": {""status"": ""unresolved_or_inconsistent"", ""profile_status"": ""resolved_profile"", ""matched_period_angstrom"": 25.106819673557766, ""amplitude_ratio"": 1.1323745225453585, ""matched_amplitude_strain"": 3.5336196150234133e-06}, ""smoothing_0.5_nn"": {""status"": ""unresolved_or_inconsistent"", ""profile_status"": ""resolved_profile"", ""matched_period_angstrom"": 25.106819673557766, ""amplitude_ratio"": 1.0078437206654165, ""matched_amplitude_strain"": 3.145016308046475e-06}, ""smoothing_0.8_nn"": {""status"": ""unresolved_or_inconsistent"", ""profile_status"": ""resolved_profile"", ""matched_period_angstrom"": null, ""amplitude_ratio"": null, ""matched_amplitude_strain"": null}}","{""absolute_power_neighborhood_max_strain_squared"": 1.0246036260015999e-14, ""absolute_power_ratio"": 22.120164731500523, ""matched_period_angstrom"": null, ""matched_amplitude_strain"": null, ""shared_actual_peak"": false, ""used_as_veto"": false}"
lower_outer_z1,lower,outer,z1,spectrum,15.462126750178868,0.06467415615956142,1.8435724981400162e-09,11.53125,"[14.819544859262344, 16.16295969069689]",0.8563453838540854,0.02099942510990002,0.0001030808127461635,0.0001030808127461635,3.3573217113563814e-14,2.453229883988074e-06,1.201030577118243e-06,False,"[""insufficient_local_prominence"", ""window_sensitive_possible_leakage""]",profile_and_numerical_variants,passed,shared_with_far_field,"{""status"": ""failed"", ""reference_window"": ""Hann"", ""comparison_window"": ""Blackman"", ""amplitude_ratio"": null, ""matched_period_angstrom"": null}","{""half_x_bin_origin"": {""status"": ""consistent"", ""profile_status"": ""resolved_profile"", ""matched_period_angstrom"": 15.462126750178868, ""amplitude_ratio"": 1.575036612904852, ""matched_amplitude_strain"": 1.891667132179477e-06}, ""smoothing_0.5_nn"": {""status"": ""consistent"", ""profile_status"": ""resolved_profile"", ""matched_period_angstrom"": 15.462126750178868, ""amplitude_ratio"": 1.0807018414521297, ""matched_amplitude_strain"": 1.297955956331999e-06}, ""smoothing_0.8_nn"": {""status"": ""consistent"", ""profile_status"": ""resolved_profile"", ""matched_period_angstrom"": 15.462126750178868, ""amplitude_ratio"": 0.9331918584442684, ""matched_amplitude_strain"": 1.1207919563093654e-06}}","{""absolute_power_neighborhood_max_strain_squared"": 1.14096544828877e-14, ""absolute_power_ratio"": 2.9425270645940436, ""matched_period_angstrom"": 14.916404629584322, ""matched_amplitude_strain"": 7.001544142517692e-07, ""shared_actual_peak"": true, ""used_as_veto"": false}"
lower_outer_z1,lower,outer,z1,spectrum,7.999333713026292,0.12501041160110346,7.75005965919968e-10,22.289062499999996,"[7.823825534200895, 8.182896767036217]",0.36408208766573436,0.4984157020938785,4.3333389346367e-05,4.3333389346367e-05,1.4113599321094988e-14,1.0312953777419118e-06,7.787112997211096e-07,False,"[""insufficient_local_prominence"", ""numerical_variant_inconsistent""]",profile_and_numerical_variants,failed,enhanced_near_gb,"{""status"": ""passed"", ""reference_window"": ""Hann"", ""comparison_window"": ""Blackman"", ""amplitude_ratio"": 0.9434248461188861, ""matched_period_angstrom"": 7.949181150562177}","{""half_x_bin_origin"": {""status"": ""unresolved_or_inconsistent"", ""profile_status"": ""resolved_profile"", ""matched_period_angstrom"": 8.206436203978429, ""amplitude_ratio"": 0.6566259873122903, ""matched_amplitude_strain"": 5.113220760106104e-07}, ""smoothing_0.5_nn"": {""status"": ""consistent"", ""profile_status"": ""resolved_profile"", ""matched_period_angstrom"": 8.024648060219413, ""amplitude_ratio"": 1.2011923835313159, ""matched_amplitude_strain"": 9.353820821947685e-07}, ""smoothing_0.8_nn"": {""status"": ""consistent"", ""profile_status"": ""resolved_profile"", ""matched_period_angstrom"": 7.999333713026292, ""amplitude_ratio"": 0.7822446143865066, ""matched_amplitude_strain"": 6.091427203687547e-07}}","{""absolute_power_neighborhood_max_strain_squared"": 3.923487706476123e-15, ""absolute_power_ratio"": 3.597207478896654, ""matched_period_angstrom"": null, ""matched_amplitude_strain"": null, ""shared_actual_peak"": false, ""used_as_veto"": false}"
lower_outer_z1,lower,outer,z1,spectrum,7.436330753751714,0.13447492225860025,5.684156884472063e-10,23.976562499999996,"[7.284423582273862, 7.5947085135653944]",0.1329581749568452,0.166742623017056,3.178217900403831e-05,3.178217900403831e-05,1.0351392927724474e-14,7.563870446284096e-07,6.668942637903685e-07,False,"[""insufficient_local_prominence""]",profile_and_numerical_variants,passed,shared_with_far_field,"{""status"": ""passed"", ""reference_window"": ""Hann"", ""comparison_window"": ""Blackman"", ""amplitude_ratio"": 1.0320942415654653, ""matched_period_angstrom"": 7.392970224575319}","{""half_x_bin_origin"": {""status"": ""consistent"", ""profile_status"": ""resolved_profile"", ""matched_period_angstrom"": 7.480202911590957, ""amplitude_ratio"": 1.527581047149021, ""matched_amplitude_strain"": 1.0187350378185665e-06}, ""smoothing_0.5_nn"": {""status"": ""consistent"", ""profile_status"": ""resolved_profile"", ""matched_period_angstrom"": 7.371479032062019, ""amplitude_ratio"": 1.4646175615694583, ""matched_amplitude_strain"": 9.767450504573087e-07}, ""smoothing_0.8_nn"": {""status"": ""consistent"", ""profile_status"": ""resolved_profile"", ""matched_period_angstrom"": 7.5023336894359005, ""amplitude_ratio"": 0.6531319170258668, ""matched_amplitude_strain"": 4.355699289629575e-07}}","{""absolute_power_neighborhood_max_strain_squared"": 9.062951490927773e-15, ""absolute_power_ratio"": 1.1421657655440902, ""matched_period_angstrom"": 7.3288693266743765, ""matched_amplitude_strain"": 6.240112400382925e-07, ""shared_actual_peak"": true, ""used_as_veto"": false}"
lower_outer_z1,lower,outer,z1,spectrum,6.502022530844447,0.1537982981843229,3.4723770232088415e-10,27.421875,"[6.385590118428654, 6.622779768793967]",0.8891453315586848,3.1005198159681124,1.941531705829811e-05,1.941531705829811e-05,6.323530418139645e-15,4.620669428733532e-07,5.212395855245762e-07,True,[],profile_and_numerical_variants,passed,enhanced_near_gb,"{""status"": ""passed"", ""reference_window"": ""Hann"", ""comparison_window"": ""Blackman"", ""amplitude_ratio"": 0.9245193994083393, ""matched_period_angstrom"": 6.468848946503405}","{""half_x_bin_origin"": {""status"": ""consistent"", ""profile_status"": ""resolved_profile"", ""matched_period_angstrom"": 6.468848946503405, ""amplitude_ratio"": 0.3054076213900098, ""matched_amplitude_strain"": 1.5919054198937542e-07}, ""smoothing_0.5_nn"": {""status"": ""consistent"", ""profile_status"": ""resolved_profile"", ""matched_period_angstrom"": 6.485393317210574, ""amplitude_ratio"": 1.46218679447791, ""matched_amplitude_strain"": 7.621496387131745e-07}, ""smoothing_0.8_nn"": {""status"": ""consistent"", ""profile_status"": ""resolved_profile"", ""matched_period_angstrom"": 6.5355381109003465, ""amplitude_ratio"": 0.6228780037741765, ""matched_amplitude_strain"": 3.2466867251962714e-07}}","{""absolute_power_neighborhood_max_strain_squared"": 1.3453847383481169e-15, ""absolute_power_ratio"": 4.700165118495225, ""matched_period_angstrom"": null, ""matched_amplitude_strain"": null, ""shared_actual_peak"": false, ""used_as_veto"": false}"
upper_far_field_all,upper,far_field,all,spectrum,45.281942625523826,0.02208385820082585,6.140890891412309e-08,3.9375,"[40.179751907154944, 51.8684070074182]",0.6964074830096041,7.751457825364521,0.3567975274524829,0.02354502956322297,1.118314920493209e-12,0.0011394416494661522,6.931698180165596e-06,True,[],profile_and_numerical_variants,passed,not_compared,"{""status"": ""passed"", ""reference_window"": ""Hann"", ""comparison_window"": ""Blackman"", ""amplitude_ratio"": 0.5673249342476663, ""matched_period_angstrom"": 41.57030798408745}","{""half_x_bin_origin"": {""status"": ""consistent"", ""profile_status"": ""resolved_profile"", ""matched_period_angstrom"": 45.281942625523826, ""amplitude_ratio"": 1.004329879588422, ""matched_amplitude_strain"": 6.961711598628995e-06}, ""smoothing_0.5_nn"": {""status"": ""consistent"", ""profile_status"": ""resolved_profile"", ""matched_period_angstrom"": 45.281942625523826, ""amplitude_ratio"": 1.0042800097508104, ""matched_amplitude_strain"": 6.961365915966379e-06}, ""smoothing_0.8_nn"": {""status"": ""consistent"", ""profile_status"": ""resolved_profile"", ""matched_period_angstrom"": 45.281942625523826, ""amplitude_ratio"": 0.9942736564333334, ""matched_amplitude_strain"": 6.89200489488553e-06}}",
upper_far_field_all,upper,far_field,all,spectrum,29.14699755206131,0.034308851133425876,2.632862012636413e-09,6.1171875,"[26.944627016840624, 31.741445178392222]",0.5073294924765614,1.7653589698987449,0.015297432780411978,0.0010094759053625548,4.794693350517943e-14,4.885272654315563e-05,1.4352845273729667e-06,False,"[""insufficient_local_prominence"", ""window_sensitive_possible_leakage""]",profile_and_numerical_variants,passed,not_compared,"{""status"": ""failed"", ""reference_window"": ""Hann"", ""comparison_window"": ""Blackman"", ""amplitude_ratio"": null, ""matched_period_angstrom"": null}","{""half_x_bin_origin"": {""status"": ""consistent"", ""profile_status"": ""resolved_profile"", ""matched_period_angstrom"": 29.14699755206131, ""amplitude_ratio"": 1.00278382442505, ""matched_amplitude_strain"": 1.439280107497164e-06}, ""smoothing_0.5_nn"": {""status"": ""consistent"", ""profile_status"": ""resolved_profile"", ""matched_period_angstrom"": 29.14699755206131, ""amplitude_ratio"": 1.0068500448357482, ""matched_amplitude_strain"": 1.4451162907375274e-06}, ""smoothing_0.8_nn"": {""status"": ""consistent"", ""profile_status"": ""resolved_profile"", ""matched_period_angstrom"": 29.14699755206131, ""amplitude_ratio"": 0.9867545221895323, ""matched_amplitude_strain"": 1.4162734980139406e-06}}",
upper_far_field_all,upper,far_field,all,spectrum,21.673408436148158,0.04613948945529686,7.771781351284567e-10,8.2265625,"[20.4316016860018, 23.075934361237625]",0.6790615871877165,11.920220696715614,0.004515553881469328,0.0002979809036027604,1.4153156598347476e-14,1.4420532002256993e-05,7.79801813356198e-07,True,[],profile_and_numerical_variants,passed,not_compared,"{""status"": ""passed"", ""reference_window"": ""Hann"", ""comparison_window"": ""Blackman"", ""amplitude_ratio"": 0.8374855907518499, ""matched_period_angstrom"": 22.050337278515954}","{""half_x_bin_origin"": {""status"": ""consistent"", ""profile_status"": ""resolved_profile"", ""matched_period_angstrom"": 21.489735483299444, ""amplitude_ratio"": 0.46204535638103905, ""matched_amplitude_strain"": 3.60303806758745e-07}, ""smoothing_0.5_nn"": {""status"": ""consistent"", ""profile_status"": ""resolved_profile"", ""matched_period_angstrom"": 21.673408436148158, ""amplitude_ratio"": 1.0229773383858636, ""matched_amplitude_strain"": 7.977195834955935e-07}, ""smoothing_0.8_nn"": {""status"": ""consistent"", ""profile_status"": ""resolved_profile"", ""matched_period_angstrom"": 21.673408436148158, ""amplitude_ratio"": 0.9654556982677395, ""matched_amplitude_strain"": 7.528641042242576e-07}}",
upper_far_field_all,upper,far_field,all,spectrum,15.55698642349285,0.06427980154883238,6.750396160225551e-10,11.4609375,"[14.90666171343175, 16.266642254642914]",0.7269875561064397,2.662836703479608,0.0039221095145354195,0.0002588195751503152,1.2293116550527301e-14,1.2525352870401538e-05,7.267559304351464e-07,True,[],profile_and_numerical_variants,passed,not_compared,"{""status"": ""passed"", ""reference_window"": ""Hann"", ""comparison_window"": ""Blackman"", ""amplitude_ratio"": 0.9791113527764315, ""matched_period_angstrom"": 15.462126750178868}","{""half_x_bin_origin"": {""status"": ""consistent"", ""profile_status"": ""resolved_profile"", ""matched_period_angstrom"": 15.84867991893334, ""amplitude_ratio"": 0.9493791043197031, ""matched_amplitude_strain"": 6.899668942955518e-07}, ""smoothing_0.5_nn"": {""status"": ""consistent"", ""profile_status"": ""resolved_profile"", ""matched_period_angstrom"": 15.55698642349285, ""amplitude_ratio"": 1.0921359159065829, ""matched_amplitude_strain"": 7.937162537263295e-07}, ""smoothing_0.8_nn"": {""status"": ""consistent"", ""profile_status"": ""resolved_profile"", ""matched_period_angstrom"": 15.653017203884781, ""amplitude_ratio"": 0.8966676812484069, ""matched_amplitude_strain"": 6.516585549768113e-07}}",
upper_far_field_all,upper,far_field,all,spectrum,10.350158314405446,0.0966168796286131,4.471065246507659e-10,17.2265625,"[10.058219075920674, 10.659551183215324]",0.5342817942989079,1.1472211903217315,0.002597774579033064,0.00017142685852852022,8.142237118494426e-15,8.296056792795118e-06,5.914655547787365e-07,False,"[""insufficient_local_prominence"", ""numerical_variant_inconsistent""]",profile_and_numerical_variants,failed,not_compared,"{""status"": ""passed"", ""reference_window"": ""Hann"", ""comparison_window"": ""Blackman"", ""amplitude_ratio"": 1.1088293084125105, ""matched_period_angstrom"": 10.102744171431612}","{""half_x_bin_origin"": {""status"": ""unresolved_or_inconsistent"", ""profile_status"": ""resolved_profile"", ""matched_period_angstrom"": null, ""amplitude_ratio"": null, ""matched_amplitude_strain"": null}, ""smoothing_0.5_nn"": {""status"": ""consistent"", ""profile_status"": ""resolved_profile"", ""matched_period_angstrom"": 10.392576996021862, ""amplitude_ratio"": 1.1143460485121996, ""matched_amplitude_strain"": 6.59097303798761e-07}, ""smoothing_0.8_nn"": {""status"": ""consistent"", ""profile_status"": ""resolved_profile"", ""matched_period_angstrom"": 10.308084500119246, ""amplitude_ratio"": 0.8423736720576448, ""matched_amplitude_strain"": 4.982350112745763e-07}}",
upper_far_field_all,upper,far_field,all,spectrum,13.416871889044097,0.07453302142778724,2.1641065228907615e-10,13.2890625,"[12.930367752557514, 13.941416666624319]",0.14840506534256653,0.32729783585475763,0.0012573873565984036,8.297485325896749e-05,3.941044804215402e-15,4.0154973434090705e-06,4.11493776152063e-07,False,"[""insufficient_local_prominence"", ""window_sensitive_possible_leakage"", ""numerical_variant_inconsistent""]",profile_and_numerical_variants,failed,not_compared,"{""status"": ""failed"", ""reference_window"": ""Hann"", ""comparison_window"": ""Blackman"", ""amplitude_ratio"": null, ""matched_period_angstrom"": null}","{""half_x_bin_origin"": {""status"": ""consistent"", ""profile_status"": ""resolved_profile"", ""matched_period_angstrom"": 13.071076221800693, ""amplitude_ratio"": 1.0846601523712278, ""matched_amplitude_strain"": 4.4633090194090854e-07}, ""smoothing_0.5_nn"": {""status"": ""unresolved_or_inconsistent"", ""profile_status"": ""resolved_profile"", ""matched_period_angstrom"": 13.633273048544808, ""amplitude_ratio"": 1.0719534005080458, ""matched_amplitude_strain"": 4.411021526341005e-07}, ""smoothing_0.8_nn"": {""status"": ""consistent"", ""profile_status"": ""resolved_profile"", ""matched_period_angstrom"": 13.276381083923217, ""amplitude_ratio"": 0.9357120277994987, ""matched_amplitude_strain"": 3.8503967571011986e-07}}",
upper_far_field_all,upper,far_field,all,spectrum,8.341410483649126,0.11988380166162604,1.793575688319898e-10,21.375,"[8.150749672594289, 8.541204746730543]",0.7318199197410256,2.6818804527916345,0.0010421018419108368,6.876818584161132e-05,3.2662727424240568e-15,3.3279777753413247e-06,3.746138312764095e-07,False,"[""numerical_variant_inconsistent""]",profile_and_numerical_variants,failed,not_compared,"{""status"": ""passed"", ""reference_window"": ""Hann"", ""comparison_window"": ""Blackman"", ""amplitude_ratio"": 0.9826940351847268, ""matched_period_angstrom"": 8.368939891185923}","{""half_x_bin_origin"": {""status"": ""unresolved_or_inconsistent"", ""profile_status"": ""resolved_profile"", ""matched_period_angstrom"": 8.538009383937153, ""amplitude_ratio"": 0.8570108743468792, ""matched_amplitude_strain"": 3.2104812708463e-07}, ""smoothing_0.5_nn"": {""status"": ""consistent"", ""profile_status"": ""resolved_profile"", ""matched_period_angstrom"": 8.368939891185923, ""amplitude_ratio"": 1.3105212875332044, ""matched_amplitude_strain"": 4.909394004921068e-07}, ""smoothing_0.8_nn"": {""status"": ""consistent"", ""profile_status"": ""resolved_profile"", ""matched_period_angstrom"": 8.341410483649126, ""amplitude_ratio"": 0.6943303890671176, ""matched_amplitude_strain"": 2.60105767220073e-07}}",
upper_far_field_all,upper,far_field,all,spectrum,11.961267863345919,0.083603177474555,9.812602918657809e-11,14.906249999999998,"[11.573072557436111, 12.376409481162696]",0.21692314016669678,0.10556136074795767,0.0005701310316628866,3.762288402405257e-05,1.786968771608721e-15,1.8207274242288977e-06,2.7708694619847087e-07,False,"[""insufficient_local_prominence"", ""window_sensitive_possible_leakage"", ""numerical_variant_inconsistent""]",profile_and_numerical_variants,failed,not_compared,"{""status"": ""failed"", ""reference_window"": ""Hann"", ""comparison_window"": ""Blackman"", ""amplitude_ratio"": null, ""matched_period_angstrom"": null}","{""half_x_bin_origin"": {""status"": ""unresolved_or_inconsistent"", ""profile_status"": ""resolved_profile"", ""matched_period_angstrom"": null, ""amplitude_ratio"": null, ""matched_amplitude_strain"": null}, ""smoothing_0.5_nn"": {""status"": ""consistent"", ""profile_status"": ""resolved_profile"", ""matched_period_angstrom"": 11.961267863345919, ""amplitude_ratio"": 1.2307931695743732, ""matched_amplitude_strain"": 3.4103672075929976e-07}, ""smoothing_0.8_nn"": {""status"": ""unresolved_or_inconsistent"", ""profile_status"": ""resolved_profile"", ""matched_period_angstrom"": 12.017956336631917, ""amplitude_ratio"": 0.7801937889911507, ""matched_amplitude_strain"": 2.1618151443457211e-07}}",
upper_far_field_all,upper,far_field,all,spectrum,7.103049823611582,0.14078459603026477,6.35357444259293e-11,25.101562499999996,"[6.9643268487226155, 7.247411585666565]",0.8347094547951287,4.283937046545714,0.0003691548493025063,2.4360487871912652e-05,1.1570466278031996e-15,1.1789050596873735e-06,2.2296311089447122e-07,True,[],profile_and_numerical_variants,passed,not_compared,"{""status"": ""passed"", ""reference_window"": ""Hann"", ""comparison_window"": ""Blackman"", ""amplitude_ratio"": 0.9692973554515103, ""matched_period_angstrom"": 7.103049823611582}","{""half_x_bin_origin"": {""status"": ""consistent"", ""profile_status"": ""resolved_profile"", ""matched_period_angstrom"": 7.103049823611582, ""amplitude_ratio"": 0.9271004449212976, ""matched_amplitude_strain"": 2.067091993113009e-07}, ""smoothing_0.5_nn"": {""status"": ""consistent"", ""profile_status"": ""resolved_profile"", ""matched_period_angstrom"": 7.063478515402046, ""amplitude_ratio"": 1.6802639742239809, ""matched_amplitude_strain"": 3.746368828168864e-07}, ""smoothing_0.8_nn"": {""status"": ""consistent"", ""profile_status"": ""resolved_profile"", ""matched_period_angstrom"": 7.183537640309729, ""amplitude_ratio"": 0.5407866882942072, ""matched_amplitude_strain"": 1.2057548235239515e-07}}",
upper_far_field_all,upper,far_field,all,spectrum,18.37528106542996,0.054420936280606555,4.0854126012152166e-11,9.703125,"[17.474807873862183, 19.37359854266894]",0.17857783805018246,0.012435686742228627,0.00023737030025647722,1.5664039986135213e-05,7.439926794171067e-16,7.580478721073437e-07,1.7878946133619297e-07,False,"[""insufficient_local_prominence"", ""window_sensitive_possible_leakage"", ""numerical_variant_inconsistent""]",profile_and_numerical_variants,failed,not_compared,"{""status"": ""failed"", ""reference_window"": ""Hann"", ""comparison_window"": ""Blackman"", ""amplitude_ratio"": null, ""matched_period_angstrom"": null}","{""half_x_bin_origin"": {""status"": ""unresolved_or_inconsistent"", ""profile_status"": ""resolved_profile"", ""matched_period_angstrom"": 18.509407204593682, ""amplitude_ratio"": 2.3031401884867484, ""matched_amplitude_strain"": 4.117771936812837e-07}, ""smoothing_0.5_nn"": {""status"": ""unresolved_or_inconsistent"", ""profile_status"": ""resolved_profile"", ""matched_period_angstrom"": 18.37528106542996, ""amplitude_ratio"": 1.1719889125059613, ""matched_amplitude_strain"": 2.0953926635893142e-07}, ""smoothing_0.8_nn"": {""status"": ""consistent"", ""profile_status"": ""resolved_profile"", ""matched_period_angstrom"": 18.509407204593682, ""amplitude_ratio"": 0.9221417207136599, ""matched_amplitude_strain"": 1.6486922152202535e-07}}",
upper_far_field_z0,upper,far_field,z0,spectrum,45.281942625523826,0.02208385820082585,6.140976926092268e-08,3.9375,"[40.179751907154944, 51.8684070074182]",0.6964235639215323,7.7514871695406065,0.35680919425653873,0.023545319155165043,1.1183305882306724e-12,0.0011394537347837364,6.93174673699198e-06,True,[],profile_and_numerical_variants,passed,not_compared,"{""status"": ""passed"", ""reference_window"": ""Hann"", ""comparison_window"": ""Blackman"", ""amplitude_ratio"": 0.567336446450253, ""matched_period_angstrom"": 41.57030798408745}","{""half_x_bin_origin"": {""status"": ""consistent"", ""profile_status"": ""resolved_profile"", ""matched_period_angstrom"": 45.281942625523826, ""amplitude_ratio"": 1.0043167720746464, ""matched_amplitude_strain"": 6.961669507734749e-06}, ""smoothing_0.5_nn"": {""status"": ""consistent"", ""profile_status"": ""resolved_profile"", ""matched_period_angstrom"": 45.281942625523826, ""amplitude_ratio"": 1.0042796804418226, ""matched_amplitude_strain"": 6.961412397929952e-06}, ""smoothing_0.8_nn"": {""status"": ""consistent"", ""profile_status"": ""resolved_profile"", ""matched_period_angstrom"": 45.281942625523826, ""amplitude_ratio"": 0.9942738381339126, ""matched_amplitude_strain"": 6.89205443316124e-06}}",
upper_far_field_z0,upper,far_field,z0,spectrum,29.14699755206131,0.034308851133425876,2.6329911223697906e-09,6.1171875,"[26.944627016840624, 31.741445178392222]",0.507424053442936,1.7524631781138964,0.015298468829375779,0.0010095236809229053,4.7949284716815826e-14,4.885495588314807e-05,1.4353197185318708e-06,False,"[""insufficient_local_prominence"", ""window_sensitive_possible_leakage""]",profile_and_numerical_variants,passed,not_compared,"{""status"": ""failed"", ""reference_window"": ""Hann"", ""comparison_window"": ""Blackman"", ""amplitude_ratio"": null, ""matched_period_angstrom"": null}","{""half_x_bin_origin"": {""status"": ""consistent"", ""profile_status"": ""resolved_profile"", ""matched_period_angstrom"": 29.14699755206131, ""amplitude_ratio"": 1.0027807899905474, ""matched_amplitude_strain"": 1.4393110412383996e-06}, ""smoothing_0.5_nn"": {""status"": ""consistent"", ""profile_status"": ""resolved_profile"", ""matched_period_angstrom"": 29.14699755206131, ""amplitude_ratio"": 1.0068522933569692, ""matched_amplitude_strain"": 1.4451549503042936e-06}, ""smoothing_0.8_nn"": {""status"": ""consistent"", ""profile_status"": ""resolved_profile"", ""matched_period_angstrom"": 29.14699755206131, ""amplitude_ratio"": 0.9867543922305979, ""matched_amplitude_strain"": 1.416308036516509e-06}}",
upper_far_field_z0,upper,far_field,z0,spectrum,21.673408436148158,0.04613948945529686,7.829390484588293e-10,8.2265625,"[20.4316016860018, 23.075934361237625]",0.6795482518224535,12.001185397795961,0.00454911090523089,0.0003001892043703697,1.425806833586155e-14,1.4527376240153516e-05,7.826866579827137e-07,True,[],profile_and_numerical_variants,passed,not_compared,"{""status"": ""passed"", ""reference_window"": ""Hann"", ""comparison_window"": ""Blackman"", ""amplitude_ratio"": 0.8381107208627667, ""matched_period_angstrom"": 22.050337278515954}","{""half_x_bin_origin"": {""status"": ""consistent"", ""profile_status"": ""resolved_profile"", ""matched_period_angstrom"": 21.489735483299444, ""amplitude_ratio"": 0.456938343955466, ""matched_amplitude_strain"": 3.576395453346594e-07}, ""smoothing_0.5_nn"": {""status"": ""consistent"", ""profile_status"": ""resolved_profile"", ""matched_period_angstrom"": 21.673408436148158, ""amplitude_ratio"": 1.0229394059320835, ""matched_amplitude_strain"": 8.00641024947805e-07}, ""smoothing_0.8_nn"": {""status"": ""consistent"", ""profile_status"": ""resolved_profile"", ""matched_period_angstrom"": 21.673408436148158, ""amplitude_ratio"": 0.9654985077808647, ""matched_amplitude_strain"": 7.55682800342302e-07}}",
upper_far_field_z0,upper,far_field,z0,spectrum,15.55698642349285,0.06427980154883238,6.754354215953197e-10,11.4609375,"[14.90666171343175, 16.266642254642914]",0.7266359765422308,2.6581258475458656,0.003924482561199099,0.0002589708895109812,1.2300324548283067e-14,1.2532654380640332e-05,7.269689637792385e-07,True,[],profile_and_numerical_variants,passed,not_compared,"{""status"": ""passed"", ""reference_window"": ""Hann"", ""comparison_window"": ""Blackman"", ""amplitude_ratio"": 0.9791967064939132, ""matched_period_angstrom"": 15.462126750178868}","{""half_x_bin_origin"": {""status"": ""consistent"", ""profile_status"": ""resolved_profile"", ""matched_period_angstrom"": 15.84867991893334, ""amplitude_ratio"": 0.9489662282728255, ""matched_amplitude_strain"": 6.898689956289883e-07}, ""smoothing_0.5_nn"": {""status"": ""consistent"", ""profile_status"": ""resolved_profile"", ""matched_period_angstrom"": 15.55698642349285, ""amplitude_ratio"": 1.092125970917826, ""matched_amplitude_strain"": 7.939416853945267e-07}, ""smoothing_0.8_nn"": {""status"": ""consistent"", ""profile_status"": ""resolved_profile"", ""matched_period_angstrom"": 15.653017203884781, ""amplitude_ratio"": 0.896660912633887, ""matched_amplitude_strain"": 6.518446545188032e-07}}",
upper_far_field_z0,upper,far_field,z0,spectrum,10.350158314405446,0.0966168796286131,4.477295338685393e-10,17.2265625,"[10.058219075920674, 10.659551183215324]",0.5341001941692436,1.1463842385958447,0.0026014429975418684,0.00017166543527197815,8.153582711766814e-15,8.30758844528222e-06,5.918774926463801e-07,False,"[""insufficient_local_prominence"", ""numerical_variant_inconsistent""]",profile_and_numerical_variants,failed,not_compared,"{""status"": ""passed"", ""reference_window"": ""Hann"", ""comparison_window"": ""Blackman"", ""amplitude_ratio"": 1.1093288908176835, ""matched_period_angstrom"": 10.102744171431612}","{""half_x_bin_origin"": {""status"": ""unresolved_or_inconsistent"", ""profile_status"": ""resolved_profile"", ""matched_period_angstrom"": null, ""amplitude_ratio"": null, ""matched_amplitude_strain"": null}, ""smoothing_0.5_nn"": {""status"": ""consistent"", ""profile_status"": ""resolved_profile"", ""matched_period_angstrom"": 10.392576996021862, ""amplitude_ratio"": 1.1143214133597734, ""matched_amplitude_strain"": 6.595417641415533e-07}, ""smoothing_0.8_nn"": {""status"": ""consistent"", ""profile_status"": ""resolved_profile"", ""matched_period_angstrom"": 10.308084500119246, ""amplitude_ratio"": 0.8423962688429406, ""matched_amplitude_strain"": 4.985953914174257e-07}}",
upper_far_field_z0,upper,far_field,z0,spectrum,13.416871889044097,0.07453302142778724,2.1679915237925744e-10,13.2890625,"[12.930367752557514, 13.941416666624319]",0.14833733247170716,0.327803473048036,0.001259668157150492,8.312366740298316e-05,3.948119762151396e-15,4.022692266223663e-06,4.1186296704969754e-07,False,"[""insufficient_local_prominence"", ""window_sensitive_possible_leakage"", ""numerical_variant_inconsistent""]",profile_and_numerical_variants,failed,not_compared,"{""status"": ""failed"", ""reference_window"": ""Hann"", ""comparison_window"": ""Blackman"", ""amplitude_ratio"": null, ""matched_period_angstrom"": null}","{""half_x_bin_origin"": {""status"": ""consistent"", ""profile_status"": ""resolved_profile"", ""matched_period_angstrom"": 13.071076221800693, ""amplitude_ratio"": 1.084422276048312, ""matched_amplitude_strain"": 4.4663337614804393e-07}, ""smoothing_0.5_nn"": {""status"": ""unresolved_or_inconsistent"", ""profile_status"": ""resolved_profile"", ""matched_period_angstrom"": 13.633273048544808, ""amplitude_ratio"": 1.0719649657647983, ""matched_amplitude_strain"": 4.415026713732173e-07}, ""smoothing_0.8_nn"": {""status"": ""consistent"", ""profile_status"": ""resolved_profile"", ""matched_period_angstrom"": 13.276381083923217, ""amplitude_ratio"": 0.9356611101226793, ""matched_amplitude_strain"": 3.8536416096814045e-07}}",
upper_far_field_z0,upper,far_field,z0,spectrum,8.341410483649126,0.11988380166162604,1.7921023041789396e-10,21.375,"[8.150749672594289, 8.541204746730543]",0.7323898729078808,2.689463824292223,0.001041265236582272,6.871157670584255e-05,3.2635895690904346e-15,3.325232594401953e-06,3.7445993103066973e-07,False,"[""numerical_variant_inconsistent""]",profile_and_numerical_variants,failed,not_compared,"{""status"": ""passed"", ""reference_window"": ""Hann"", ""comparison_window"": ""Blackman"", ""amplitude_ratio"": 0.9826455072126983, ""matched_period_angstrom"": 8.368939891185923}","{""half_x_bin_origin"": {""status"": ""unresolved_or_inconsistent"", ""profile_status"": ""resolved_profile"", ""matched_period_angstrom"": 8.538009383937153, ""amplitude_ratio"": 0.8579471616464378, ""matched_amplitude_strain"": 3.2126683497808395e-07}, ""smoothing_0.5_nn"": {""status"": ""consistent"", ""profile_status"": ""resolved_profile"", ""matched_period_angstrom"": 8.368939891185923, ""amplitude_ratio"": 1.310475455613709, ""matched_amplitude_strain"": 4.90720548726495e-07}, ""smoothing_0.8_nn"": {""status"": ""consistent"", ""profile_status"": ""resolved_profile"", ""matched_period_angstrom"": 8.341410483649126, ""amplitude_ratio"": 0.6943199433821555, ""matched_amplitude_strain"": 2.599949981121005e-07}}",
upper_far_field_z0,upper,far_field,z0,spectrum,11.961267863345919,0.083603177474555,9.810575723019751e-11,14.906249999999998,"[11.573072557436111, 12.376409481162696]",0.21663907330236484,0.10521056658551146,0.0005700239002772052,3.761504712922014e-05,1.7865995999089e-15,1.820345082307113e-06,2.770583228827522e-07,False,"[""insufficient_local_prominence"", ""window_sensitive_possible_leakage"", ""numerical_variant_inconsistent""]",profile_and_numerical_variants,failed,not_compared,"{""status"": ""failed"", ""reference_window"": ""Hann"", ""comparison_window"": ""Blackman"", ""amplitude_ratio"": null, ""matched_period_angstrom"": null}","{""half_x_bin_origin"": {""status"": ""unresolved_or_inconsistent"", ""profile_status"": ""resolved_profile"", ""matched_period_angstrom"": null, ""amplitude_ratio"": null, ""matched_amplitude_strain"": null}, ""smoothing_0.5_nn"": {""status"": ""consistent"", ""profile_status"": ""resolved_profile"", ""matched_period_angstrom"": 11.961267863345919, ""amplitude_ratio"": 1.2306404044035735, ""matched_amplitude_strain"": 3.40959166515806e-07}, ""smoothing_0.8_nn"": {""status"": ""unresolved_or_inconsistent"", ""profile_status"": ""resolved_profile"", ""matched_period_angstrom"": 12.017956336631917, ""amplitude_ratio"": 0.7803507103041178, ""matched_amplitude_strain"": 2.162026590572233e-07}}",
upper_far_field_z0,upper,far_field,z0,spectrum,7.103049823611582,0.14078459603026477,6.37433558168279e-11,25.101562499999996,"[6.9643268487226155, 7.247411585666565]",0.8348822527861969,4.29048230881082,0.0003703680326752702,2.4440047158482173e-05,1.160827429647944e-15,1.1827532610410244e-06,2.2332709442249852e-07,True,[],profile_and_numerical_variants,passed,not_compared,"{""status"": ""passed"", ""reference_window"": ""Hann"", ""comparison_window"": ""Blackman"", ""amplitude_ratio"": 0.969787711882564, ""matched_period_angstrom"": 7.103049823611582}","{""half_x_bin_origin"": {""status"": ""consistent"", ""profile_status"": ""resolved_profile"", ""matched_period_angstrom"": 7.103049823611582, ""amplitude_ratio"": 0.9234362571489355, ""matched_amplitude_strain"": 2.0622833619345895e-07}, ""smoothing_0.5_nn"": {""status"": ""consistent"", ""profile_status"": ""resolved_profile"", ""matched_period_angstrom"": 7.063478515402046, ""amplitude_ratio"": 1.6802809008179669, ""matched_amplitude_strain"": 3.7525225139329496e-07}, ""smoothing_0.8_nn"": {""status"": ""consistent"", ""profile_status"": ""resolved_profile"", ""matched_period_angstrom"": 7.183537640309729, ""amplitude_ratio"": 0.5400293285935891, ""matched_amplitude_strain"": 1.2060318085773894e-07}}",
upper_far_field_z0,upper,far_field,z0,spectrum,18.37528106542996,0.054420936280606555,4.0688508261903957e-11,9.703125,"[17.474807873862183, 19.37359854266894]",0.17499403816671893,0.012130202713142973,0.0002364124474518883,1.560051315131263e-05,7.409766219023884e-16,7.549722667873248e-07,1.7842669774534757e-07,False,"[""insufficient_local_prominence"", ""window_sensitive_possible_leakage"", ""numerical_variant_inconsistent""]",profile_and_numerical_variants,failed,not_compared,"{""status"": ""failed"", ""reference_window"": ""Hann"", ""comparison_window"": ""Blackman"", ""amplitude_ratio"": null, ""matched_period_angstrom"": null}","{""half_x_bin_origin"": {""status"": ""unresolved_or_inconsistent"", ""profile_status"": ""resolved_profile"", ""matched_period_angstrom"": 18.509407204593682, ""amplitude_ratio"": 2.3106688822657993, ""matched_amplitude_strain"": 4.1228501824561984e-07}, ""smoothing_0.5_nn"": {""status"": ""unresolved_or_inconsistent"", ""profile_status"": ""resolved_profile"", ""matched_period_angstrom"": 18.37528106542996, ""amplitude_ratio"": 1.1722897413067999, ""matched_amplitude_strain"": 2.0916778734212005e-07}, ""smoothing_0.8_nn"": {""status"": ""consistent"", ""profile_status"": ""resolved_profile"", ""matched_period_angstrom"": 18.509407204593682, ""amplitude_ratio"": 0.9214849953549298, ""matched_amplitude_strain"": 1.6441752474306707e-07}}",
upper_far_field_z1,upper,far_field,z1,spectrum,45.281942625523826,0.02208385820082585,6.140804861129233e-08,3.9375,"[40.179751907154944, 51.8684070074182]",0.6963914014116183,7.751428444000621,0.3567858612766616,0.02354473998709687,1.11829925355646e-12,0.001139429548327413,6.931649625480633e-06,True,[],profile_and_numerical_variants,passed,not_compared,"{""status"": ""passed"", ""reference_window"": ""Hann"", ""comparison_window"": ""Blackman"", ""amplitude_ratio"": 0.5673134219040662, ""matched_period_angstrom"": 41.57030798408745}","{""half_x_bin_origin"": {""status"": ""consistent"", ""profile_status"": ""resolved_profile"", ""matched_period_angstrom"": 45.281942625523826, ""amplitude_ratio"": 1.0043429872837855, ""matched_amplitude_strain"": 6.961753691659752e-06}, ""smoothing_0.5_nn"": {""status"": ""consistent"", ""profile_status"": ""resolved_profile"", ""matched_period_angstrom"": 45.281942625523826, ""amplitude_ratio"": 1.004280339070129, ""matched_amplitude_strain"": 6.961319436193022e-06}, ""smoothing_0.8_nn"": {""status"": ""consistent"", ""profile_status"": ""resolved_profile"", ""matched_period_angstrom"": 45.281942625523826, ""amplitude_ratio"": 0.9942734747390959, ""matched_amplitude_strain"": 6.891955358800582e-06}}",
upper_far_field_z1,upper,far_field,z1,spectrum,29.14699755206131,0.034308851133425876,2.6327329562119944e-09,6.1171875,"[26.944627016840624, 31.741445178392222]",0.50723492296485,1.7784004936788138,0.015296397077187305,0.0010094281500759741,4.794458326435013e-14,4.8850497467390484e-05,1.4352493498820453e-06,False,"[""insufficient_local_prominence"", ""window_sensitive_possible_leakage""]",profile_and_numerical_variants,passed,not_compared,"{""status"": ""failed"", ""reference_window"": ""Hann"", ""comparison_window"": ""Blackman"", ""amplitude_ratio"": null, ""matched_period_angstrom"": null}","{""half_x_bin_origin"": {""status"": ""consistent"", ""profile_status"": ""resolved_profile"", ""matched_period_angstrom"": 29.14699755206131, ""amplitude_ratio"": 1.002786857287617, ""matched_amplitude_strain"": 1.4392491849923118e-06}, ""smoothing_0.5_nn"": {""status"": ""consistent"", ""profile_status"": ""resolved_profile"", ""matched_period_angstrom"": 29.14699755206131, ""amplitude_ratio"": 1.0068477954931714, ""matched_amplitude_strain"": 1.4450776439117446e-06}, ""smoothing_0.8_nn"": {""status"": ""consistent"", ""profile_status"": ""resolved_profile"", ""matched_period_angstrom"": 29.14699755206131, ""amplitude_ratio"": 0.9867546525300025, ""matched_amplitude_strain"": 1.4162389735367696e-06}}",
upper_far_field_z1,upper,far_field,z1,spectrum,21.673408436148158,0.04613948945529686,7.71438676289702e-10,8.2265625,"[20.4316016860018, 23.075934361237625]",0.6785578713373758,11.839164431613842,0.004482122763489598,0.00029578082124386495,1.4048635567630063e-14,1.431408491826645e-05,7.769170601642491e-07,True,[],profile_and_numerical_variants,passed,not_compared,"{""status"": ""passed"", ""reference_window"": ""Hann"", ""comparison_window"": ""Blackman"", ""amplitude_ratio"": 0.8368560536954422, ""matched_period_angstrom"": 22.050337278515954}","{""half_x_bin_origin"": {""status"": ""consistent"", ""profile_status"": ""resolved_profile"", ""matched_period_angstrom"": 21.489735483299444, ""amplitude_ratio"": 0.46719417183566114, ""matched_amplitude_strain"": 3.6297112250843287e-07}, ""smoothing_0.5_nn"": {""status"": ""consistent"", ""profile_status"": ""resolved_profile"", ""matched_period_angstrom"": 21.673408436148158, ""amplitude_ratio"": 1.023015579696063, ""matched_amplitude_strain"": 7.947982566796903e-07}, ""smoothing_0.8_nn"": {""status"": ""consistent"", ""profile_status"": ""resolved_profile"", ""matched_period_angstrom"": 21.673408436148158, ""amplitude_ratio"": 0.9654125520588153, ""matched_amplitude_strain"": 7.500454817911999e-07}}",
upper_far_field_z1,upper,far_field,z1,spectrum,15.55698642349285,0.06427980154883238,6.746439362544954e-10,11.4609375,"[14.90666171343175, 16.266642254642914]",0.727339106873676,2.6675593207886217,0.0039197372868053386,0.00025866830850675626,1.2285910843795443e-14,1.2518053462896226e-05,7.265429023677634e-07,True,[],profile_and_numerical_variants,passed,not_compared,"{""status"": ""passed"", ""reference_window"": ""Hann"", ""comparison_window"": ""Blackman"", ""amplitude_ratio"": 0.9790259469276141, ""matched_period_angstrom"": 15.462126750178868}","{""half_x_bin_origin"": {""status"": ""consistent"", ""profile_status"": ""resolved_profile"", ""matched_period_angstrom"": 15.84867991893334, ""amplitude_ratio"": 0.9497922772640454, ""matched_amplitude_strain"": 6.90064837769907e-07}, ""smoothing_0.5_nn"": {""status"": ""consistent"", ""profile_status"": ""resolved_profile"", ""matched_period_angstrom"": 15.55698642349285, ""amplitude_ratio"": 1.0921458660986758, ""matched_amplitude_strain"": 7.934908273642866e-07}, ""smoothing_0.8_nn"": {""status"": ""consistent"", ""profile_status"": ""resolved_profile"", ""matched_period_angstrom"": 15.653017203884781, ""amplitude_ratio"": 0.8966744508191631, ""matched_amplitude_strain"": 6.514724579771751e-07}}",
upper_far_field_z1,upper,far_field,z1,spectrum,10.350158314405446,0.0966168796286131,4.4648420670259264e-10,17.2265625,"[10.058219075920674, 10.659551183215324]",0.5344623554283996,1.1480540009180684,0.0025941103135056795,0.00017118854601129012,8.130904113902109e-15,8.284537767984158e-06,5.91053787358774e-07,False,"[""insufficient_local_prominence"", ""numerical_variant_inconsistent""]",profile_and_numerical_variants,failed,not_compared,"{""status"": ""passed"", ""reference_window"": ""Hann"", ""comparison_window"": ""Blackman"", ""amplitude_ratio"": 1.1083293294045378, ""matched_period_angstrom"": 10.102744171431612}","{""half_x_bin_origin"": {""status"": ""unresolved_or_inconsistent"", ""profile_status"": ""resolved_profile"", ""matched_period_angstrom"": null, ""amplitude_ratio"": null, ""matched_amplitude_strain"": null}, ""smoothing_0.5_nn"": {""status"": ""consistent"", ""profile_status"": ""resolved_profile"", ""matched_period_angstrom"": 10.392576996021862, ""amplitude_ratio"": 1.1143707324756267, ""matched_amplitude_strain"": 6.586530419514903e-07}, ""smoothing_0.8_nn"": {""status"": ""consistent"", ""profile_status"": ""resolved_profile"", ""matched_period_angstrom"": 10.308084500119246, ""amplitude_ratio"": 0.8423510337133312, ""matched_amplitude_strain"": 4.978747687618427e-07}}",
upper_far_field_z1,upper,far_field,z1,spectrum,13.416871889044097,0.07453302142778724,2.1602255542782947e-10,13.2890625,"[12.930367752557514, 13.941416666624319]",0.14847309422341923,0.32679209142102444,0.001255108983862588,8.282619320948698e-05,3.933977189463678e-15,4.008309795312436e-06,4.1112463742392874e-07,False,"[""insufficient_local_prominence"", ""window_sensitive_possible_leakage"", ""numerical_variant_inconsistent""]",profile_and_numerical_variants,failed,not_compared,"{""status"": ""failed"", ""reference_window"": ""Hann"", ""comparison_window"": ""Blackman"", ""amplitude_ratio"": null, ""matched_period_angstrom"": null}","{""half_x_bin_origin"": {""status"": ""consistent"", ""profile_status"": ""resolved_profile"", ""matched_period_angstrom"": 13.071076221800693, ""amplitude_ratio"": 1.0848990308292075, ""matched_amplitude_strain"": 4.460287206912296e-07}, ""smoothing_0.5_nn"": {""status"": ""unresolved_or_inconsistent"", ""profile_status"": ""resolved_profile"", ""matched_period_angstrom"": 13.633273048544808, ""amplitude_ratio"": 1.071941687561512, ""matched_amplitude_strain"": 4.407016376383209e-07}, ""smoothing_0.8_nn"": {""status"": ""consistent"", ""profile_status"": ""resolved_profile"", ""matched_period_angstrom"": 13.276381083923217, ""amplitude_ratio"": 0.9357631281867742, ""matched_amplitude_strain"": 3.847152767904689e-07}}",
upper_far_field_z1,upper,far_field,z1,spectrum,8.341410483649126,0.11988380166162604,1.7950498446939642e-10,21.375,"[8.150749672594289, 8.541204746730543]",0.7312498529642701,2.674326119724275,0.0010429388644600272,6.882482477944444e-05,3.2689573220679707e-15,3.3307243594591606e-06,3.7476774893506704e-07,False,"[""numerical_variant_inconsistent""]",profile_and_numerical_variants,failed,not_compared,"{""status"": ""passed"", ""reference_window"": ""Hann"", ""comparison_window"": ""Blackman"", ""amplitude_ratio"": 0.9827425225527362, ""matched_period_angstrom"": 8.368939891185923}","{""half_x_bin_origin"": {""status"": ""unresolved_or_inconsistent"", ""profile_status"": ""resolved_profile"", ""matched_period_angstrom"": 8.538009383937153, ""amplitude_ratio"": 0.8560753220778401, ""matched_amplitude_strain"": 3.2082942137397464e-07}, ""smoothing_0.5_nn"": {""status"": ""consistent"", ""profile_status"": ""resolved_profile"", ""matched_period_angstrom"": 8.368939891185923, ""amplitude_ratio"": 1.3105670607091917, ""matched_amplitude_strain"": 4.911582671704312e-07}, ""smoothing_0.8_nn"": {""status"": ""consistent"", ""profile_status"": ""resolved_profile"", ""matched_period_angstrom"": 8.341410483649126, ""amplitude_ratio"": 0.6943408174791809, ""matched_amplitude_strain"": 2.6021654516040686e-07}}",
upper_far_field_z1,upper,far_field,z1,spectrum,11.961267863345919,0.083603177474555,9.814661391269045e-11,14.906249999999998,"[11.573072557436111, 12.376409481162696]",0.21720304292513534,0.10591161812514396,0.0005702399761614947,3.763084086608382e-05,1.7873436391442753e-15,1.8211155457533498e-06,2.771160081091791e-07,False,"[""insufficient_local_prominence"", ""window_sensitive_possible_leakage"", ""numerical_variant_inconsistent""]",profile_and_numerical_variants,failed,not_compared,"{""status"": ""failed"", ""reference_window"": ""Hann"", ""comparison_window"": ""Blackman"", ""amplitude_ratio"": null, ""matched_period_angstrom"": null}","{""half_x_bin_origin"": {""status"": ""unresolved_or_inconsistent"", ""profile_status"": ""resolved_profile"", ""matched_period_angstrom"": null, ""amplitude_ratio"": null, ""matched_amplitude_strain"": null}, ""smoothing_0.5_nn"": {""status"": ""consistent"", ""profile_status"": ""resolved_profile"", ""matched_period_angstrom"": 11.961267863345919, ""amplitude_ratio"": 1.230945552896766, ""matched_amplitude_strain"": 3.411147178184982e-07}, ""smoothing_0.8_nn"": {""status"": ""unresolved_or_inconsistent"", ""profile_status"": ""resolved_profile"", ""matched_period_angstrom"": 12.017956336631917, ""amplitude_ratio"": 0.7800373887332079, ""matched_amplitude_strain"": 2.1616084734165455e-07}}",
upper_far_field_z1,upper,far_field,z1,spectrum,7.103049823611582,0.14078459603026477,6.332956220104688e-11,25.101562499999996,"[6.9643268487226155, 7.247411585666565]",0.8345380394038473,4.2774530442173155,0.00036795001478062624,2.428147627615922e-05,1.1532918524374795e-15,1.1750833333147509e-06,2.2260104394379253e-07,True,[],profile_and_numerical_variants,passed,not_compared,"{""status"": ""passed"", ""reference_window"": ""Hann"", ""comparison_window"": ""Blackman"", ""amplitude_ratio"": 0.9688069801067204, ""matched_period_angstrom"": 7.103049823611582}","{""half_x_bin_origin"": {""status"": ""consistent"", ""profile_status"": ""resolved_profile"", ""matched_period_angstrom"": 7.103049823611582, ""amplitude_ratio"": 0.9307761037193314, ""matched_amplitude_strain"": 2.071917323658589e-07}, ""smoothing_0.5_nn"": {""status"": ""consistent"", ""profile_status"": ""resolved_profile"", ""matched_period_angstrom"": 7.063478515402046, ""amplitude_ratio"": 1.6802390168786643, ""matched_amplitude_strain"": 3.740229592322823e-07}, ""smoothing_0.8_nn"": {""status"": ""consistent"", ""profile_status"": ""resolved_profile"", ""matched_period_angstrom"": 7.183537640309729, ""amplitude_ratio"": 0.5415545869905527, ""matched_amplitude_strain"": 1.2055061641664644e-07}}",
upper_far_field_z1,upper,far_field,z1,spectrum,18.37528106542996,0.054420936280606555,4.102017479796177e-11,9.703125,"[17.474807873862183, 19.37359854266894]",0.1821387769145494,0.012742056418024096,0.0002383306215713015,1.5727732303574145e-05,7.470165865013434e-16,7.611314851935901e-07,1.791524316287426e-07,False,"[""insufficient_local_prominence"", ""window_sensitive_possible_leakage"", ""numerical_variant_inconsistent""]",profile_and_numerical_variants,failed,not_compared,"{""status"": ""failed"", ""reference_window"": ""Hann"", ""comparison_window"": ""Blackman"", ""amplitude_ratio"": null, ""matched_period_angstrom"": null}","{""half_x_bin_origin"": {""status"": ""unresolved_or_inconsistent"", ""profile_status"": ""resolved_profile"", ""matched_period_angstrom"": 18.509407204593682, ""amplitude_ratio"": 2.2956395462618495, ""matched_amplitude_strain"": 4.1126940685591363e-07}, ""smoothing_0.5_nn"": {""status"": ""unresolved_or_inconsistent"", ""profile_status"": ""resolved_profile"", ""matched_period_angstrom"": 18.37528106542996, ""amplitude_ratio"": 1.1716890260179125, ""matched_amplitude_strain"": 2.0991093812382207e-07}, ""smoothing_0.8_nn"": {""status"": ""consistent"", ""profile_status"": ""resolved_profile"", ""matched_period_angstrom"": 18.509407204593682, ""amplitude_ratio"": 0.9227958058356198, ""matched_amplitude_strain"": 1.6532111251225631e-07}}",
upper_near_all,upper,near,all,spectrum,19.357166313201024,0.05166045400550333,0.018455517310668065,9.2109375,"[18.36049805572326, 20.468250298891487]",0.9999315543694927,42.3997714843804,1.0,1.0,3.360926083673526e-07,0.03798843380755074,0.0038000303511936725,True,[],profile_and_numerical_variants,passed,enhanced_near_gb,"{""status"": ""passed"", ""reference_window"": ""Hann"", ""comparison_window"": ""Blackman"", ""amplitude_ratio"": 1.0023903739920876, ""matched_period_angstrom"": 19.357166313201024}","{""half_x_bin_origin"": {""status"": ""consistent"", ""profile_status"": ""resolved_profile"", ""matched_period_angstrom"": 19.357166313201024, ""amplitude_ratio"": 1.0021865558898866, ""matched_amplitude_strain"": 0.0038083393299398224}, ""smoothing_0.5_nn"": {""status"": ""consistent"", ""profile_status"": ""resolved_profile"", ""matched_period_angstrom"": 19.357166313201024, ""amplitude_ratio"": 1.057971319602243, ""matched_amplitude_strain"": 0.004020323125180945}, ""smoothing_0.8_nn"": {""status"": ""consistent"", ""profile_status"": ""resolved_profile"", ""matched_period_angstrom"": 19.357166313201024, ""amplitude_ratio"": 0.9312926948165078, ""matched_amplitude_strain"": 0.003538940506147676}}","{""absolute_power_neighborhood_max_strain_squared"": 1.050085683564308e-14, ""absolute_power_ratio"": 32006208.029286977, ""matched_period_angstrom"": null, ""matched_amplitude_strain"": null, ""shared_actual_peak"": false, ""used_as_veto"": false}"
upper_near_all,upper,near,all,spectrum,39.01213518506668,0.025633049697387146,0.003346407472405579,4.5703125,"[35.165021699944546, 43.804412827762015]",0.9995004261448182,61.456987656171286,0.18132287575982575,0.18132287575982575,6.094127827078925e-08,0.006888172063596888,0.0016181298315396035,True,[],profile_and_numerical_variants,passed,enhanced_near_gb_and_shared,"{""status"": ""passed"", ""reference_window"": ""Hann"", ""comparison_window"": ""Blackman"", ""amplitude_ratio"": 1.0050370551000107, ""matched_period_angstrom"": 39.01213518506668}","{""half_x_bin_origin"": {""status"": ""consistent"", ""profile_status"": ""resolved_profile"", ""matched_period_angstrom"": 39.01213518506668, ""amplitude_ratio"": 0.9860809250372295, ""matched_amplitude_strain"": 0.0015956069611149086}, ""smoothing_0.5_nn"": {""status"": ""consistent"", ""profile_status"": ""resolved_profile"", ""matched_period_angstrom"": 39.01213518506668, ""amplitude_ratio"": 1.0143847896630058, ""matched_amplitude_strain"": 0.0016414062888137357}, ""smoothing_0.8_nn"": {""status"": ""consistent"", ""profile_status"": ""resolved_profile"", ""matched_period_angstrom"": 39.01213518506668, ""amplitude_ratio"": 0.9816606273639864, ""matched_amplitude_strain"": 0.0015884543455855489}}","{""absolute_power_neighborhood_max_strain_squared"": 1.118314920493209e-12, ""absolute_power_ratio"": 54493.84350868931, ""matched_period_angstrom"": 45.281942625523826, ""matched_amplitude_strain"": 6.931698180165596e-06, ""shared_actual_peak"": true, ""used_as_veto"": false}"
upper_near_all,upper,near,all,spectrum,12.872024299641291,0.0776878583136195,0.0002524336804767545,13.8515625,"[12.423570540698972, 13.354066169259221]",0.9975219595433594,55.89357517565208,0.013677952030682837,0.013677952030682837,4.5970585751157215e-09,0.0005196039753404491,0.00044442410197486005,True,[],profile_and_numerical_variants,passed,enhanced_near_gb,"{""status"": ""passed"", ""reference_window"": ""Hann"", ""comparison_window"": ""Blackman"", ""amplitude_ratio"": 0.9756083470990332, ""matched_period_angstrom"": 12.872024299641291}","{""half_x_bin_origin"": {""status"": ""consistent"", ""profile_status"": ""resolved_profile"", ""matched_period_angstrom"": 12.93769789300681, ""amplitude_ratio"": 0.9740057894510592, ""matched_amplitude_strain"": 0.0004328716482951016}, ""smoothing_0.5_nn"": {""status"": ""consistent"", ""profile_status"": ""resolved_profile"", ""matched_period_angstrom"": 12.872024299641291, ""amplitude_ratio"": 1.1643464100910437, ""matched_amplitude_strain"": 0.0005174636076923642}, ""smoothing_0.8_nn"": {""status"": ""consistent"", ""profile_status"": ""resolved_profile"", ""matched_period_angstrom"": 12.872024299641291, ""amplitude_ratio"": 0.8349539295545032, ""matched_amplitude_strain"": 0.00037107365033264063}}","{""absolute_power_neighborhood_max_strain_squared"": 3.941044804215402e-15, ""absolute_power_ratio"": 1166456.8162733489, ""matched_period_angstrom"": null, ""matched_amplitude_strain"": null, ""shared_actual_peak"": false, ""used_as_veto"": false}"
upper_near_all,upper,near,all,spectrum,9.75303379626667,0.10253219878954858,5.898230023303759e-05,18.28125,"[9.493385641956744, 10.027284307233748]",0.9833491322691023,17.969302083291534,0.0031959169304316025,0.0031959169304316025,1.0741240572741401e-09,0.00012140787876613166,0.00021482499313992462,True,[],profile_and_numerical_variants,passed,enhanced_near_gb,"{""status"": ""passed"", ""reference_window"": ""Hann"", ""comparison_window"": ""Blackman"", ""amplitude_ratio"": 1.0135050740335927, ""matched_period_angstrom"": 9.75303379626667}","{""half_x_bin_origin"": {""status"": ""consistent"", ""profile_status"": ""resolved_profile"", ""matched_period_angstrom"": 9.641782460187583, ""amplitude_ratio"": 0.9977461853832665, ""matched_amplitude_strain"": 0.0002143408174303462}, ""smoothing_0.5_nn"": {""status"": ""consistent"", ""profile_status"": ""resolved_profile"", ""matched_period_angstrom"": 9.715665850687104, ""amplitude_ratio"": 1.2178853626528365, ""matched_amplitude_strain"": 0.0002616322146771102}, ""smoothing_0.8_nn"": {""status"": ""consistent"", ""profile_status"": ""resolved_profile"", ""matched_period_angstrom"": 9.75303379626667, ""amplitude_ratio"": 0.7766319023696554, ""matched_amplitude_strain"": 0.00016683994309880782}}","{""absolute_power_neighborhood_max_strain_squared"": 7.759869940347393e-15, ""absolute_power_ratio"": 138420.3685797927, ""matched_period_angstrom"": null, ""matched_amplitude_strain"": null, ""shared_actual_peak"": false, ""used_as_veto"": false}"
upper_near_all,upper,near,all,spectrum,25.87539578601362,0.038646751851445234,2.2289750015106024e-05,6.890624999999999,"[24.12484046856661, 27.899876629907105]",0.9433282330304193,0.00730115855211484,0.0012077553633363402,0.0012077553633363402,4.059176503333702e-10,4.588073467581695e-05,0.00013206159941291825,False,"[""insufficient_local_prominence"", ""window_sensitive_possible_leakage""]",profile_and_numerical_variants,passed,enhanced_near_gb,"{""status"": ""failed"", ""reference_window"": ""Hann"", ""comparison_window"": ""Blackman"", ""amplitude_ratio"": null, ""matched_period_angstrom"": null}","{""half_x_bin_origin"": {""status"": ""consistent"", ""profile_status"": ""resolved_profile"", ""matched_period_angstrom"": 25.87539578601362, ""amplitude_ratio"": 1.2230053064732356, ""matched_amplitude_strain"": 0.00016151203686334175}, ""smoothing_0.5_nn"": {""status"": ""consistent"", ""profile_status"": ""resolved_profile"", ""matched_period_angstrom"": 25.87539578601362, ""amplitude_ratio"": 1.0467958079504776, ""matched_amplitude_strain"": 0.00013824152865667808}, ""smoothing_0.8_nn"": {""status"": ""consistent"", ""profile_status"": ""resolved_profile"", ""matched_period_angstrom"": 25.87539578601362, ""amplitude_ratio"": 0.9794168010740553, ""matched_amplitude_strain"": 0.00012934334924172373}}","{""absolute_power_neighborhood_max_strain_squared"": 4.6791928360489846e-14, ""absolute_power_ratio"": 8674.95024368602, ""matched_period_angstrom"": null, ""matched_amplitude_strain"": null, ""shared_actual_peak"": false, ""used_as_veto"": false}"
upper_near_all,upper,near,all,spectrum,15.368416891086875,0.06506851077029045,8.670761480323321e-06,11.6015625,"[14.733440337807624, 16.06059048787052]",0.855693190942195,0.03108397702205004,0.0004698194764397775,0.0004698194764397775,1.5790285329842878e-10,1.784770608223063e-05,8.236687206059107e-05,False,"[""insufficient_local_prominence"", ""window_sensitive_possible_leakage""]",profile_and_numerical_variants,passed,enhanced_near_gb_and_shared,"{""status"": ""failed"", ""reference_window"": ""Hann"", ""comparison_window"": ""Blackman"", ""amplitude_ratio"": null, ""matched_period_angstrom"": null}","{""half_x_bin_origin"": {""status"": ""consistent"", ""profile_status"": ""resolved_profile"", ""matched_period_angstrom"": 15.368416891086875, ""amplitude_ratio"": 1.0427738053315736, ""matched_amplitude_strain"": 8.589001661188142e-05}, ""smoothing_0.5_nn"": {""status"": ""consistent"", ""profile_status"": ""resolved_profile"", ""matched_period_angstrom"": 15.368416891086875, ""amplitude_ratio"": 1.0296122333582292, ""matched_amplitude_strain"": 8.48059390970367e-05}, ""smoothing_0.8_nn"": {""status"": ""consistent"", ""profile_status"": ""resolved_profile"", ""matched_period_angstrom"": 15.368416891086875, ""amplitude_ratio"": 0.9622210376112601, ""matched_amplitude_strain"": 7.925513709893585e-05}}","{""absolute_power_neighborhood_max_strain_squared"": 1.2293116550527301e-14, ""absolute_power_ratio"": 12844.818695846148, ""matched_period_angstrom"": 15.55698642349285, ""matched_amplitude_strain"": 7.267559304351464e-07, ""shared_actual_peak"": true, ""used_as_veto"": false}"
upper_near_all,upper,near,all,spectrum,6.41971844817553,0.15577007123796804,8.10695587659816e-06,27.7734375,"[6.306189301813763, 6.537410221502151]",0.8209893632430867,3.4544968314917384,0.0004392700426723882,0.0004392700426723882,1.4763541441940122e-10,1.6687180939700005e-05,7.964396237384854e-05,True,[],profile_and_numerical_variants,passed,enhanced_near_gb,"{""status"": ""passed"", ""reference_window"": ""Hann"", ""comparison_window"": ""Blackman"", ""amplitude_ratio"": 1.0548322301918565, ""matched_period_angstrom"": 6.41971844817553}","{""half_x_bin_origin"": {""status"": ""consistent"", ""profile_status"": ""resolved_profile"", ""matched_period_angstrom"": 6.4360121498206455, ""amplitude_ratio"": 1.0242887533755722, ""matched_amplitude_strain"": 8.15784149338003e-05}, ""smoothing_0.5_nn"": {""status"": ""consistent"", ""profile_status"": ""resolved_profile"", ""matched_period_angstrom"": 6.4360121498206455, ""amplitude_ratio"": 1.581306811599837, ""matched_amplitude_strain"": 0.0001259415402045678}, ""smoothing_0.8_nn"": {""status"": ""consistent"", ""profile_status"": ""resolved_profile"", ""matched_period_angstrom"": 6.403507037952864, ""amplitude_ratio"": 0.5526428186387078, ""matched_amplitude_strain"": 4.401466385383884e-05}}","{""absolute_power_neighborhood_max_strain_squared"": 1.8981893431247596e-15, ""absolute_power_ratio"": 77776.96938091902, ""matched_period_angstrom"": null, ""matched_amplitude_strain"": null, ""shared_actual_peak"": false, ""used_as_veto"": false}"
upper_near_all,upper,near,all,spectrum,7.778493211746425,0.12855960309766476,3.6913883757587003e-06,22.921875,"[7.6124413219693166, 7.9519509000919895]",0.8107185729665907,4.28313852908291,0.00020001543785634892,0.00020001543785634892,6.722371022287842e-11,7.5982732214941886e-06,5.3742618657871054e-05,True,[],profile_and_numerical_variants,passed,enhanced_near_gb,"{""status"": ""passed"", ""reference_window"": ""Hann"", ""comparison_window"": ""Blackman"", ""amplitude_ratio"": 0.9409385007360134, ""matched_period_angstrom"": 7.778493211746425}","{""half_x_bin_origin"": {""status"": ""consistent"", ""profile_status"": ""resolved_profile"", ""matched_period_angstrom"": 7.637918033220887, ""amplitude_ratio"": 1.2580629751032297, ""matched_amplitude_strain"": 6.761159871855961e-05}, ""smoothing_0.5_nn"": {""status"": ""consistent"", ""profile_status"": ""resolved_profile"", ""matched_period_angstrom"": 7.802427037013337, ""amplitude_ratio"": 1.4982880232729026, ""matched_amplitude_strain"": 8.052192187441103e-05}, ""smoothing_0.8_nn"": {""status"": ""consistent"", ""profile_status"": ""resolved_profile"", ""matched_period_angstrom"": 7.75470577073191, ""amplitude_ratio"": 0.6894100583407469, ""matched_amplitude_strain"": 3.7050701864307395e-05}}","{""absolute_power_neighborhood_max_strain_squared"": 1.3365627961196132e-15, ""absolute_power_ratio"": 50295.96096647775, ""matched_period_angstrom"": null, ""matched_amplitude_strain"": null, ""shared_actual_peak"": false, ""used_as_veto"": false}"
upper_near_all,upper,near,all,spectrum,7.123002210756557,0.14039024141953577,2.8925443153197945e-06,25.03125,"[6.983506451427175, 7.268184421421658]",0.4982855315495514,0.6133503092826933,0.0001567306007536176,0.0001567306007536176,5.267599641826549e-11,5.953950052346463e-06,4.75733752000931e-05,False,"[""insufficient_local_prominence"", ""numerical_variant_inconsistent""]",profile_and_numerical_variants,failed,enhanced_near_gb_and_shared,"{""status"": ""passed"", ""reference_window"": ""Hann"", ""comparison_window"": ""Blackman"", ""amplitude_ratio"": 1.0061923246138749, ""matched_period_angstrom"": 7.063478515402046}","{""half_x_bin_origin"": {""status"": ""unresolved_or_inconsistent"", ""profile_status"": ""resolved_profile"", ""matched_period_angstrom"": 6.947366539806395, ""amplitude_ratio"": 1.0102917536382783, ""matched_amplitude_strain"": 4.8062988657393835e-05}, ""smoothing_0.5_nn"": {""status"": ""unresolved_or_inconsistent"", ""profile_status"": ""resolved_profile"", ""matched_period_angstrom"": 7.083208902316577, ""amplitude_ratio"": 1.3757020859203812, ""matched_amplitude_strain"": 6.544679149704101e-05}, ""smoothing_0.8_nn"": {""status"": ""consistent"", ""profile_status"": ""resolved_profile"", ""matched_period_angstrom"": 7.143067005716435, ""amplitude_ratio"": 0.8157924030985401, ""matched_amplitude_strain"": 3.880999807799244e-05}}","{""absolute_power_neighborhood_max_strain_squared"": 1.1570466278031996e-15, ""absolute_power_ratio"": 45526.2520563044, ""matched_period_angstrom"": 7.103049823611582, ""matched_amplitude_strain"": 2.2296311089447122e-07, ""shared_actual_peak"": true, ""used_as_veto"": false}"
upper_near_z0,upper,near,z0,spectrum,19.357166313201024,0.05166045400550333,0.018455514596554572,9.2109375,"[18.36049805572326, 20.468250298891487]",0.9999315520158146,42.39975719591232,1.0,1.0,3.3609255894075196e-07,0.037988439611343135,0.003800030071772786,True,[],profile_and_numerical_variants,passed,enhanced_near_gb,"{""status"": ""passed"", ""reference_window"": ""Hann"", ""comparison_window"": ""Blackman"", ""amplitude_ratio"": 1.0023903202869215, ""matched_period_angstrom"": 19.357166313201024}","{""half_x_bin_origin"": {""status"": ""consistent"", ""profile_status"": ""resolved_profile"", ""matched_period_angstrom"": 19.357166313201024, ""amplitude_ratio"": 1.0021868957615039, ""matched_amplitude_strain"": 0.003808340341430333}, ""smoothing_0.5_nn"": {""status"": ""consistent"", ""profile_status"": ""resolved_profile"", ""matched_period_angstrom"": 19.357166313201024, ""amplitude_ratio"": 1.0579713204511845, ""matched_amplitude_strain"": 0.004020322832787663}, ""smoothing_0.8_nn"": {""status"": ""consistent"", ""profile_status"": ""resolved_profile"", ""matched_period_angstrom"": 19.357166313201024, ""amplitude_ratio"": 0.9312926914019509, ""matched_amplitude_strain"": 0.0035389402329496266}}","{""absolute_power_neighborhood_max_strain_squared"": 1.0582274712484342e-14, ""absolute_power_ratio"": 31759954.080973707, ""matched_period_angstrom"": null, ""matched_amplitude_strain"": null, ""shared_actual_peak"": false, ""used_as_veto"": false}"
upper_near_z0,upper,near,z0,spectrum,39.01213518506668,0.025633049697387146,0.0033464073630794485,4.5703125,"[35.165021699944546, 43.804412827762015]",0.999500421346495,61.45711742452403,0.1813228965018501,0.1813228965018501,6.094127627985593e-08,0.006888173903914354,0.0016181298051076945,True,[],profile_and_numerical_variants,passed,enhanced_near_gb_and_shared,"{""status"": ""passed"", ""reference_window"": ""Hann"", ""comparison_window"": ""Blackman"", ""amplitude_ratio"": 1.0050370558892416, ""matched_period_angstrom"": 39.01213518506668}","{""half_x_bin_origin"": {""status"": ""consistent"", ""profile_status"": ""resolved_profile"", ""matched_period_angstrom"": 39.01213518506668, ""amplitude_ratio"": 0.9860808914462602, ""matched_amplitude_strain"": 0.0015956068806963588}, ""smoothing_0.5_nn"": {""status"": ""consistent"", ""profile_status"": ""resolved_profile"", ""matched_period_angstrom"": 39.01213518506668, ""amplitude_ratio"": 1.0143847990415333, ""matched_amplitude_strain"": 0.0016414062771772841}, ""smoothing_0.8_nn"": {""status"": ""consistent"", ""profile_status"": ""resolved_profile"", ""matched_period_angstrom"": 39.01213518506668, ""amplitude_ratio"": 0.9816606234437857, ""matched_amplitude_strain"": 0.0015884543132949909}}","{""absolute_power_neighborhood_max_strain_squared"": 1.1183305882306724e-12, ""absolute_power_ratio"": 54493.07827327878, ""matched_period_angstrom"": 45.281942625523826, ""matched_amplitude_strain"": 6.93174673699198e-06, ""shared_actual_peak"": true, ""used_as_veto"": false}"
upper_near_z0,upper,near,z0,spectrum,12.872024299641291,0.0776878583136195,0.0002524338347777648,13.8515625,"[12.423570540698972, 13.354066169259221]",0.9975219202423663,55.89319006745856,0.013677962402895621,0.013677962402895621,4.597061385084586e-09,0.0005196044487486221,0.00044442423780276805,True,[],profile_and_numerical_variants,passed,enhanced_near_gb,"{""status"": ""passed"", ""reference_window"": ""Hann"", ""comparison_window"": ""Blackman"", ""amplitude_ratio"": 0.9756082883570442, ""matched_period_angstrom"": 12.872024299641291}","{""half_x_bin_origin"": {""status"": ""consistent"", ""profile_status"": ""resolved_profile"", ""matched_period_angstrom"": 12.93769789300681, ""amplitude_ratio"": 0.9740055462646602, ""matched_amplitude_strain"": 0.0004328716725143403}, ""smoothing_0.5_nn"": {""status"": ""consistent"", ""profile_status"": ""resolved_profile"", ""matched_period_angstrom"": 12.872024299641291, ""amplitude_ratio"": 1.1643463549379198, ""matched_amplitude_strain"": 0.0005174637413317163}, ""smoothing_0.8_nn"": {""status"": ""consistent"", ""profile_status"": ""resolved_profile"", ""matched_period_angstrom"": 12.872024299641291, ""amplitude_ratio"": 0.8349539424358392, ""matched_amplitude_strain"": 0.0003710737694674641}}","{""absolute_power_neighborhood_max_strain_squared"": 3.948119762151396e-15, ""absolute_power_ratio"": 1164367.2588542684, ""matched_period_angstrom"": null, ""matched_amplitude_strain"": null, ""shared_actual_peak"": false, ""used_as_veto"": false}"
upper_near_z0,upper,near,z0,spectrum,9.75303379626667,0.10253219878954858,5.898188489407235e-05,18.28125,"[9.493385641956744, 10.027284307233748]",0.9833487432399565,17.969089932995935,0.00319589489556057,0.00319589489556057,1.0741164935546392e-09,0.00012140706024420247,0.00021482423676600325,True,[],profile_and_numerical_variants,passed,enhanced_near_gb,"{""status"": ""passed"", ""reference_window"": ""Hann"", ""comparison_window"": ""Blackman"", ""amplitude_ratio"": 1.0135049375649952, ""matched_period_angstrom"": 9.75303379626667}","{""half_x_bin_origin"": {""status"": ""consistent"", ""profile_status"": ""resolved_profile"", ""matched_period_angstrom"": 9.641782460187583, ""amplitude_ratio"": 0.9977481307899922, ""matched_amplitude_strain"": 0.00021434048068166647}, ""smoothing_0.5_nn"": {""status"": ""consistent"", ""profile_status"": ""resolved_profile"", ""matched_period_angstrom"": 9.715665850687104, ""amplitude_ratio"": 1.2178850774611414, ""matched_amplitude_strain"": 0.0002616312322342944}, ""smoothing_0.8_nn"": {""status"": ""consistent"", ""profile_status"": ""resolved_profile"", ""matched_period_angstrom"": 9.75303379626667, ""amplitude_ratio"": 0.7766319525924158, ""matched_amplitude_strain"": 0.00016683936646375654}}","{""absolute_power_neighborhood_max_strain_squared"": 7.777946830919719e-15, ""absolute_power_ratio"": 138097.69041936588, ""matched_period_angstrom"": null, ""matched_amplitude_strain"": null, ""shared_actual_peak"": false, ""used_as_veto"": false}"
upper_near_z0,upper,near,z0,spectrum,25.87539578601362,0.038646751851445234,2.2290153849672932e-05,6.890624999999999,"[24.12484046856661, 27.899876629907105]",0.9433273193285734,0.007301283553500493,0.0012077774224639741,0.0012077774224639741,4.059250045467827e-10,4.588157967721635e-05,0.00013206279572057565,False,"[""insufficient_local_prominence"", ""window_sensitive_possible_leakage""]",profile_and_numerical_variants,passed,enhanced_near_gb,"{""status"": ""failed"", ""reference_window"": ""Hann"", ""comparison_window"": ""Blackman"", ""amplitude_ratio"": null, ""matched_period_angstrom"": null}","{""half_x_bin_origin"": {""status"": ""consistent"", ""profile_status"": ""resolved_profile"", ""matched_period_angstrom"": 25.87539578601362, ""amplitude_ratio"": 1.222985903296646, ""matched_amplitude_strain"": 0.00016151093751620864}, ""smoothing_0.5_nn"": {""status"": ""consistent"", ""profile_status"": ""resolved_profile"", ""matched_period_angstrom"": 25.87539578601362, ""amplitude_ratio"": 1.046796577213791, ""matched_amplitude_strain"": 0.00013824288253758268}, ""smoothing_0.8_nn"": {""status"": ""consistent"", ""profile_status"": ""resolved_profile"", ""matched_period_angstrom"": 25.87539578601362, ""amplitude_ratio"": 0.9794153657544765, ""matched_amplitude_strain"": 0.00012934433137322632}}","{""absolute_power_neighborhood_max_strain_squared"": 4.679680782853996e-14, ""absolute_power_ratio"": 8674.202865162553, ""matched_period_angstrom"": null, ""matched_amplitude_strain"": null, ""shared_actual_peak"": false, ""used_as_veto"": false}"
upper_near_z0,upper,near,z0,spectrum,15.368416891086875,0.06506851077029045,8.670704027816488e-06,11.6015625,"[14.733440337807624, 16.06059048787052]",0.8556927268920816,0.03108375327859746,0.00046981643250604385,0.00046981643250604385,1.5790180703337137e-10,1.7847593174672515e-05,8.236659917849591e-05,False,"[""insufficient_local_prominence"", ""window_sensitive_possible_leakage""]",profile_and_numerical_variants,passed,enhanced_near_gb_and_shared,"{""status"": ""failed"", ""reference_window"": ""Hann"", ""comparison_window"": ""Blackman"", ""amplitude_ratio"": null, ""matched_period_angstrom"": null}","{""half_x_bin_origin"": {""status"": ""consistent"", ""profile_status"": ""resolved_profile"", ""matched_period_angstrom"": 15.368416891086875, ""amplitude_ratio"": 1.0427766562464789, ""matched_amplitude_strain"": 8.588996687774593e-05}, ""smoothing_0.5_nn"": {""status"": ""consistent"", ""profile_status"": ""resolved_profile"", ""matched_period_angstrom"": 15.368416891086875, ""amplitude_ratio"": 1.0296119509921038, ""matched_amplitude_strain"": 8.48056348767558e-05}, ""smoothing_0.8_nn"": {""status"": ""consistent"", ""profile_status"": ""resolved_profile"", ""matched_period_angstrom"": 15.368416891086875, ""amplitude_ratio"": 0.9622212930585835, ""matched_amplitude_strain"": 7.92548955663704e-05}}","{""absolute_power_neighborhood_max_strain_squared"": 1.2300324548283067e-14, ""absolute_power_ratio"": 12837.206564229396, ""matched_period_angstrom"": 15.55698642349285, ""matched_amplitude_strain"": 7.269689637792385e-07, ""shared_actual_peak"": true, ""used_as_veto"": false}"
upper_near_z0,upper,near,z0,spectrum,6.41971844817553,0.15577007123796804,8.10699552508977e-06,27.7734375,"[6.306189301813763, 6.537410221502151]",0.8209896102758647,3.45454056430391,0.0004392722556001365,0.0004392722556001365,1.4763613645632593e-10,1.668726755480427e-05,7.964415713000368e-05,True,[],profile_and_numerical_variants,passed,enhanced_near_gb,"{""status"": ""passed"", ""reference_window"": ""Hann"", ""comparison_window"": ""Blackman"", ""amplitude_ratio"": 1.0548324507784108, ""matched_period_angstrom"": 6.41971844817553}","{""half_x_bin_origin"": {""status"": ""consistent"", ""profile_status"": ""resolved_profile"", ""matched_period_angstrom"": 6.4360121498206455, ""amplitude_ratio"": 1.0242891421406752, ""matched_amplitude_strain"": 8.157864538320861e-05}, ""smoothing_0.5_nn"": {""status"": ""consistent"", ""profile_status"": ""resolved_profile"", ""matched_period_angstrom"": 6.4360121498206455, ""amplitude_ratio"": 1.5813069820405874, ""matched_amplitude_strain"": 0.00012594186174841245}, ""smoothing_0.8_nn"": {""status"": ""consistent"", ""profile_status"": ""resolved_profile"", ""matched_period_angstrom"": 6.403507037952864, ""amplitude_ratio"": 0.5526427661376049, ""matched_amplitude_strain"": 4.401476730302328e-05}}","{""absolute_power_neighborhood_max_strain_squared"": 1.8942328607542913e-15, ""absolute_power_ratio"": 77939.80323915224, ""matched_period_angstrom"": null, ""matched_amplitude_strain"": null, ""shared_actual_peak"": false, ""used_as_veto"": false}"
upper_near_z0,upper,near,z0,spectrum,7.778493211746425,0.12855960309766476,3.6914950203726363e-06,22.921875,"[7.6124413219693166, 7.9519509000919895]",0.8107191892519378,4.283155730619871,0.00020002124573983946,0.00020002124573983946,6.722565232321963e-11,7.5984950147735165e-06,5.374339496732985e-05,True,[],profile_and_numerical_variants,passed,enhanced_near_gb,"{""status"": ""passed"", ""reference_window"": ""Hann"", ""comparison_window"": ""Blackman"", ""amplitude_ratio"": 0.940940129400559, ""matched_period_angstrom"": 7.778493211746425}","{""half_x_bin_origin"": {""status"": ""consistent"", ""profile_status"": ""resolved_profile"", ""matched_period_angstrom"": 7.637918033220887, ""amplitude_ratio"": 1.2580479528459434, ""matched_amplitude_strain"": 6.761176801764029e-05}, ""smoothing_0.5_nn"": {""status"": ""consistent"", ""profile_status"": ""resolved_profile"", ""matched_period_angstrom"": 7.802427037013337, ""amplitude_ratio"": 1.4982870098070087, ""matched_amplitude_strain"": 8.052303054247767e-05}, ""smoothing_0.8_nn"": {""status"": ""consistent"", ""profile_status"": ""resolved_profile"", ""matched_period_angstrom"": 7.75470577073191, ""amplitude_ratio"": 0.6894086781356596, ""matched_amplitude_strain"": 3.7051162882949534e-05}}","{""absolute_power_neighborhood_max_strain_squared"": 1.3381938145195851e-15, ""absolute_power_ratio"": 50236.11048998444, ""matched_period_angstrom"": null, ""matched_amplitude_strain"": null, ""shared_actual_peak"": false, ""used_as_veto"": false}"
upper_near_z0,upper,near,z0,spectrum,7.123002210756557,0.14039024141953577,2.892504630045791e-06,25.03125,"[6.983506451427175, 7.268184421421658]",0.49827688662501235,0.6133281137559063,0.00015672847348216384,0.00015672847348216384,5.267527371149823e-11,5.953870150255175e-06,4.757304884918885e-05,False,"[""insufficient_local_prominence"", ""numerical_variant_inconsistent""]",profile_and_numerical_variants,failed,enhanced_near_gb_and_shared,"{""status"": ""passed"", ""reference_window"": ""Hann"", ""comparison_window"": ""Blackman"", ""amplitude_ratio"": 1.0061927483527056, ""matched_period_angstrom"": 7.063478515402046}","{""half_x_bin_origin"": {""status"": ""unresolved_or_inconsistent"", ""profile_status"": ""resolved_profile"", ""matched_period_angstrom"": 6.947366539806395, ""amplitude_ratio"": 1.0102900419907503, ""matched_amplitude_strain"": 4.806257751947502e-05}, ""smoothing_0.5_nn"": {""status"": ""unresolved_or_inconsistent"", ""profile_status"": ""resolved_profile"", ""matched_period_angstrom"": 7.083208902316577, ""amplitude_ratio"": 1.3757032350136866, ""matched_amplitude_strain"": 6.544639720129324e-05}, ""smoothing_0.8_nn"": {""status"": ""consistent"", ""profile_status"": ""resolved_profile"", ""matched_period_angstrom"": 7.143067005716435, ""amplitude_ratio"": 0.815794997030993, ""matched_amplitude_strain"": 3.88098552446793e-05}}","{""absolute_power_neighborhood_max_strain_squared"": 1.160827429647944e-15, ""absolute_power_ratio"": 45377.350987884216, ""matched_period_angstrom"": 7.103049823611582, ""matched_amplitude_strain"": 2.2332709442249852e-07, ""shared_actual_peak"": true, ""used_as_veto"": false}"
upper_near_z1,upper,near,z1,spectrum,19.357166313201024,0.05166045400550333,0.018455520024782977,9.2109375,"[18.36049805572326, 20.468250298891487]",0.9999315567224994,42.399785772827336,1.0,1.0,3.3609265779397903e-07,0.03798842800370698,0.003800030630614685,True,[],profile_and_numerical_variants,passed,enhanced_near_gb,"{""status"": ""passed"", ""reference_window"": ""Hann"", ""comparison_window"": ""Blackman"", ""amplitude_ratio"": 1.0023904276972786, ""matched_period_angstrom"": 19.357166313201024}","{""half_x_bin_origin"": {""status"": ""consistent"", ""profile_status"": ""resolved_profile"", ""matched_period_angstrom"": 19.357166313201024, ""amplitude_ratio"": 1.0021862160183188, ""matched_amplitude_strain"": 0.0038083383184494366}, ""smoothing_0.5_nn"": {""status"": ""consistent"", ""profile_status"": ""resolved_profile"", ""matched_period_angstrom"": 19.357166313201024, ""amplitude_ratio"": 1.0579713187532975, ""matched_amplitude_strain"": 0.004020323417574343}, ""smoothing_0.8_nn"": {""status"": ""consistent"", ""profile_status"": ""resolved_profile"", ""matched_period_angstrom"": 19.357166313201024, ""amplitude_ratio"": 0.9312926982310678, ""matched_amplitude_strain"": 0.0035389407793458556}}","{""absolute_power_neighborhood_max_strain_squared"": 1.041976007865452e-14, ""absolute_power_ratio"": 32255316.365919422, ""matched_period_angstrom"": null, ""matched_amplitude_strain"": null, ""shared_actual_peak"": false, ""used_as_veto"": false}"
upper_near_z1,upper,near,z1,spectrum,39.01213518506668,0.025633049697387146,0.0033464075817317292,4.5703125,"[35.165021699944546, 43.804412827762015]",0.9995004309431132,61.456857888012166,0.18132285501779463,0.18132285501779463,6.094128026172292e-08,0.00688817022327009,0.0016181298579715166,True,[],profile_and_numerical_variants,passed,enhanced_near_gb_and_shared,"{""status"": ""passed"", ""reference_window"": ""Hann"", ""comparison_window"": ""Blackman"", ""amplitude_ratio"": 1.005037054310782, ""matched_period_angstrom"": 39.01213518506668}","{""half_x_bin_origin"": {""status"": ""consistent"", ""profile_status"": ""resolved_profile"", ""matched_period_angstrom"": 39.01213518506668, ""amplitude_ratio"": 0.9860809586282038, ""matched_amplitude_strain"": 0.0015956070415334724}, ""smoothing_0.5_nn"": {""status"": ""consistent"", ""profile_status"": ""resolved_profile"", ""matched_period_angstrom"": 39.01213518506668, ""amplitude_ratio"": 1.0143847802844779, ""matched_amplitude_strain"": 0.0016414063004501903}, ""smoothing_0.8_nn"": {""status"": ""consistent"", ""profile_status"": ""resolved_profile"", ""matched_period_angstrom"": 39.01213518506668, ""amplitude_ratio"": 0.9816606312841876, ""matched_amplitude_strain"": 0.0015884543778761117}}","{""absolute_power_neighborhood_max_strain_squared"": 1.11829925355646e-12, ""absolute_power_ratio"": 54494.60872652381, ""matched_period_angstrom"": 45.281942625523826, ""matched_amplitude_strain"": 6.931649625480633e-06, ""shared_actual_peak"": true, ""used_as_veto"": false}"
upper_near_z1,upper,near,z1,spectrum,12.872024299641291,0.0776878583136195,0.00025243352617584713,13.8515625,"[12.423570540698972, 13.354066169259221]",0.9975219988440545,55.89396028789537,0.013677941658477627,0.013677941658477627,4.597055765148731e-09,0.0005196035019319818,0.0004444239661470011,True,[],profile_and_numerical_variants,passed,enhanced_near_gb,"{""status"": ""passed"", ""reference_window"": ""Hann"", ""comparison_window"": ""Blackman"", ""amplitude_ratio"": 0.9756084058411607, ""matched_period_angstrom"": 12.872024299641291}","{""half_x_bin_origin"": {""status"": ""consistent"", ""profile_status"": ""resolved_profile"", ""matched_period_angstrom"": 12.93769789300681, ""amplitude_ratio"": 0.9740060326377353, ""matched_amplitude_strain"": 0.00043287162407596775}, ""smoothing_0.5_nn"": {""status"": ""consistent"", ""profile_status"": ""resolved_profile"", ""matched_period_angstrom"": 12.872024299641291, ""amplitude_ratio"": 1.1643464652441922, ""matched_amplitude_strain"": 0.0005174634740530653}, ""smoothing_0.8_nn"": {""status"": ""consistent"", ""profile_status"": ""resolved_profile"", ""matched_period_angstrom"": 12.872024299641291, ""amplitude_ratio"": 0.834953916673166, ""matched_amplitude_strain"": 0.0003710735311978611}}","{""absolute_power_neighborhood_max_strain_squared"": 3.933977189463678e-15, ""absolute_power_ratio"": 1168551.7082968778, ""matched_period_angstrom"": null, ""matched_amplitude_strain"": null, ""shared_actual_peak"": false, ""used_as_veto"": false}"
upper_near_z1,upper,near,z1,spectrum,9.75303379626667,0.10253219878954858,5.8982715573479525e-05,18.28125,"[9.493385641956744, 10.027284307233748]",0.9833495212859461,17.969514235248237,0.003195938965375922,0.003195938965375922,1.0741316210205333e-09,0.00012140869729042501,0.00021482574951387206,True,[],profile_and_numerical_variants,passed,enhanced_near_gb,"{""status"": ""passed"", ""reference_window"": ""Hann"", ""comparison_window"": ""Blackman"", ""amplitude_ratio"": 1.013505210501389, ""matched_period_angstrom"": 9.75303379626667}","{""half_x_bin_origin"": {""status"": ""consistent"", ""profile_status"": ""resolved_profile"", ""matched_period_angstrom"": 9.641782460187583, ""amplitude_ratio"": 0.9977442400038736, ""matched_amplitude_strain"": 0.0002143411541819808}, ""smoothing_0.5_nn"": {""status"": ""consistent"", ""profile_status"": ""resolved_profile"", ""matched_period_angstrom"": 9.715665850687104, ""amplitude_ratio"": 1.2178856478431743, ""matched_amplitude_strain"": 0.0002616331971200976}, ""smoothing_0.8_nn"": {""status"": ""consistent"", ""profile_status"": ""resolved_profile"", ""matched_period_angstrom"": 9.75303379626667, ""amplitude_ratio"": 0.7766318521471609, ""matched_amplitude_strain"": 0.00016684051973386052}}","{""absolute_power_neighborhood_max_strain_squared"": 7.741821863062554e-15, ""absolute_power_ratio"": 138744.03725890204, ""matched_period_angstrom"": null, ""matched_amplitude_strain"": null, ""shared_actual_peak"": false, ""used_as_veto"": false}"
upper_near_z1,upper,near,z1,spectrum,25.87539578601362,0.038646751851445234,2.2289346186321745e-05,6.890624999999999,"[24.12484046856661, 27.899876629907105]",0.9433291462245504,0.007301033548430485,0.0012077333045284293,0.0012077333045284293,4.0591029622526487e-10,4.587988968675736e-05,0.00013206040311155426,False,"[""insufficient_local_prominence"", ""window_sensitive_possible_leakage""]",profile_and_numerical_variants,passed,enhanced_near_gb,"{""status"": ""failed"", ""reference_window"": ""Hann"", ""comparison_window"": ""Blackman"", ""amplitude_ratio"": null, ""matched_period_angstrom"": null}","{""half_x_bin_origin"": {""status"": ""consistent"", ""profile_status"": ""resolved_profile"", ""matched_period_angstrom"": 25.87539578601362, ""amplitude_ratio"": 1.2230247099499583, ""matched_amplitude_strain"": 0.00016151313621138322}, ""smoothing_0.5_nn"": {""status"": ""consistent"", ""profile_status"": ""resolved_profile"", ""matched_period_angstrom"": 25.87539578601362, ""amplitude_ratio"": 1.0467950386513336, ""matched_amplitude_strain"": 0.00013824017477947014}, ""smoothing_0.8_nn"": {""status"": ""consistent"", ""profile_status"": ""resolved_profile"", ""matched_period_angstrom"": 25.87539578601362, ""amplitude_ratio"": 0.9794182364430439, ""matched_amplitude_strain"": 0.00012934236711947594}}","{""absolute_power_neighborhood_max_strain_squared"": 4.678705007361116e-14, ""absolute_power_ratio"": 8675.69756132598, ""matched_period_angstrom"": null, ""matched_amplitude_strain"": null, ""shared_actual_peak"": false, ""used_as_veto"": false}"
upper_near_z1,upper,near,z1,spectrum,15.368416891086875,0.06506851077029045,8.670818933020137e-06,11.6015625,"[14.733440337807624, 16.06059048787052]",0.8556936549844834,0.03108420076612643,0.00046982252038287384,0.00046982252038287384,1.5790389956694595e-10,1.784781899008496e-05,8.236714494268453e-05,False,"[""insufficient_local_prominence"", ""window_sensitive_possible_leakage""]",profile_and_numerical_variants,passed,enhanced_near_gb_and_shared,"{""status"": ""failed"", ""reference_window"": ""Hann"", ""comparison_window"": ""Blackman"", ""amplitude_ratio"": null, ""matched_period_angstrom"": null}","{""half_x_bin_origin"": {""status"": ""consistent"", ""profile_status"": ""resolved_profile"", ""matched_period_angstrom"": 15.368416891086875, ""amplitude_ratio"": 1.0427709544439996, ""matched_amplitude_strain"": 8.58900663467104e-05}, ""smoothing_0.5_nn"": {""status"": ""consistent"", ""profile_status"": ""resolved_profile"", ""matched_period_angstrom"": 15.368416891086875, ""amplitude_ratio"": 1.029612515722494, ""matched_amplitude_strain"": 8.480624331731672e-05}, ""smoothing_0.8_nn"": {""status"": ""consistent"", ""profile_status"": ""resolved_profile"", ""matched_period_angstrom"": 15.368416891086875, ""amplitude_ratio"": 0.9622207821656285, ""matched_amplitude_strain"": 7.925537863149959e-05}}","{""absolute_power_neighborhood_max_strain_squared"": 1.2285910843795443e-14, ""absolute_power_ratio"": 12852.437362972532, ""matched_period_angstrom"": 15.55698642349285, ""matched_amplitude_strain"": 7.265429023677634e-07, ""shared_actual_peak"": true, ""used_as_veto"": false}"
upper_near_z1,upper,near,z1,spectrum,6.41971844817553,0.15577007123796804,8.106916228294298e-06,27.7734375,"[6.306189301813763, 6.537410221502151]",0.8209891162066719,3.4544530992583597,0.00043926782975542997,0.00043926782975542997,1.4763469238589558e-10,1.6687094325008766e-05,7.964376761813936e-05,True,[],profile_and_numerical_variants,passed,enhanced_near_gb,"{""status"": ""passed"", ""reference_window"": ""Hann"", ""comparison_window"": ""Blackman"", ""amplitude_ratio"": 1.054832009602445, ""matched_period_angstrom"": 6.41971844817553}","{""half_x_bin_origin"": {""status"": ""consistent"", ""profile_status"": ""resolved_profile"", ""matched_period_angstrom"": 6.4360121498206455, ""amplitude_ratio"": 1.024288364603662, ""matched_amplitude_strain"": 8.157818448445806e-05}, ""smoothing_0.5_nn"": {""status"": ""consistent"", ""profile_status"": ""resolved_profile"", ""matched_period_angstrom"": 6.4360121498206455, ""amplitude_ratio"": 1.5813066411605123, ""matched_amplitude_strain"": 0.00012594121866160834}, ""smoothing_0.8_nn"": {""status"": ""consistent"", ""profile_status"": ""resolved_profile"", ""matched_period_angstrom"": 6.403507037952864, ""amplitude_ratio"": 0.5526428711394658, ""matched_amplitude_strain"": 4.4014560404852944e-05}}","{""absolute_power_neighborhood_max_strain_squared"": 1.9021508336028897e-15, ""absolute_power_ratio"": 77614.60856721793, ""matched_period_angstrom"": null, ""matched_amplitude_strain"": null, ""shared_actual_peak"": false, ""used_as_veto"": false}"
upper_near_z1,upper,near,z1,spectrum,7.778493211746425,0.12855960309766476,3.6912817327827736e-06,22.921875,"[7.6124413219693166, 7.9519509000919895]",0.810717955971095,4.283121307836739,0.0002000096300633057,0.0002000096300633057,6.722176815236694e-11,7.598051431707956e-06,5.3741842349122345e-05,True,[],profile_and_numerical_variants,passed,enhanced_near_gb,"{""status"": ""passed"", ""reference_window"": ""Hann"", ""comparison_window"": ""Blackman"", ""amplitude_ratio"": 0.9409368720592618, ""matched_period_angstrom"": 7.778493211746425}","{""half_x_bin_origin"": {""status"": ""consistent"", ""profile_status"": ""resolved_profile"", ""matched_period_angstrom"": 7.637918033220887, ""amplitude_ratio"": 1.2580779979191754, ""matched_amplitude_strain"": 6.76114294270718e-05}, ""smoothing_0.5_nn"": {""status"": ""consistent"", ""profile_status"": ""resolved_profile"", ""matched_period_angstrom"": 7.802427037013337, ""amplitude_ratio"": 1.4982890367504766, ""matched_amplitude_strain"": 8.052081320646249e-05}, ""smoothing_0.8_nn"": {""status"": ""consistent"", ""profile_status"": ""resolved_profile"", ""matched_period_angstrom"": 7.75470577073191, ""amplitude_ratio"": 0.689411438611986, ""matched_amplitude_strain"": 3.705024084756699e-05}}","{""absolute_power_neighborhood_max_strain_squared"": 1.3349347244958681e-15, ""absolute_power_ratio"": 50355.846558529614, ""matched_period_angstrom"": null, ""matched_amplitude_strain"": null, ""shared_actual_peak"": false, ""used_as_veto"": false}"
upper_near_z1,upper,near,z1,spectrum,7.123002210756557,0.14039024141953577,2.892584000924447e-06,25.03125,"[6.983506451427175, 7.268184421421658]",0.4982941762791902,0.6133725051497809,0.00015673272804234958,0.00015673272804234958,5.267671913105418e-11,5.954029955061383e-06,4.757370155147767e-05,False,"[""insufficient_local_prominence"", ""numerical_variant_inconsistent""]",profile_and_numerical_variants,failed,enhanced_near_gb_and_shared,"{""status"": ""passed"", ""reference_window"": ""Hann"", ""comparison_window"": ""Blackman"", ""amplitude_ratio"": 1.006191900876881, ""matched_period_angstrom"": 7.063478515402046}","{""half_x_bin_origin"": {""status"": ""unresolved_or_inconsistent"", ""profile_status"": ""resolved_profile"", ""matched_period_angstrom"": 6.947366539806395, ""amplitude_ratio"": 1.0102934652538094, ""matched_amplitude_strain"": 4.80633997953929e-05}, ""smoothing_0.5_nn"": {""status"": ""unresolved_or_inconsistent"", ""profile_status"": ""resolved_profile"", ""matched_period_angstrom"": 7.083208902316577, ""amplitude_ratio"": 1.3757009368311202, ""matched_amplitude_strain"": 6.544718579289195e-05}, ""smoothing_0.8_nn"": {""status"": ""consistent"", ""profile_status"": ""resolved_profile"", ""matched_period_angstrom"": 7.143067005716435, ""amplitude_ratio"": 0.8157898092174553, ""matched_amplitude_strain"": 3.881014091244812e-05}}","{""absolute_power_neighborhood_max_strain_squared"": 1.1532918524374795e-15, ""absolute_power_ratio"": 45675.09864889972, ""matched_period_angstrom"": 7.103049823611582, ""matched_amplitude_strain"": 2.2260104394379253e-07, ""shared_actual_peak"": true, ""used_as_veto"": false}"
upper_middle_all,upper,middle,all,spectrum,39.62169979733335,0.025238695086658113,0.00022995916761700013,4.5,"[35.65952981760002, 44.57441227200002]",0.9983773750157876,56.101406306957394,1.0,1.0,4.18777621680143e-09,0.02069791973997653,0.00042417915033699535,True,[],profile_and_numerical_variants,passed,enhanced_near_gb_and_shared,"{""status"": ""passed"", ""reference_window"": ""Hann"", ""comparison_window"": ""Blackman"", ""amplitude_ratio"": 0.9907017400909627, ""matched_period_angstrom"": 39.01213518506668}","{""half_x_bin_origin"": {""status"": ""consistent"", ""profile_status"": ""resolved_profile"", ""matched_period_angstrom"": 39.62169979733335, ""amplitude_ratio"": 1.00706076407699, ""matched_amplitude_strain"": 0.000427174179243903}, ""smoothing_0.5_nn"": {""status"": ""consistent"", ""profile_status"": ""resolved_profile"", ""matched_period_angstrom"": 39.62169979733335, ""amplitude_ratio"": 1.0135241568586828, ""matched_amplitude_strain"": 0.0004299158157023357}, ""smoothing_0.8_nn"": {""status"": ""consistent"", ""profile_status"": ""resolved_profile"", ""matched_period_angstrom"": 39.62169979733335, ""amplitude_ratio"": 0.9832349001096162, ""matched_amplitude_strain"": 0.0004170677445101775}}","{""absolute_power_neighborhood_max_strain_squared"": 1.118314920493209e-12, ""absolute_power_ratio"": 3744.719971145964, ""matched_period_angstrom"": 45.281942625523826, ""matched_amplitude_strain"": 6.931698180165596e-06, ""shared_actual_peak"": true, ""used_as_veto"": false}"
upper_middle_all,upper,middle,all,spectrum,19.357166313201024,0.05166045400550333,0.0001655943346190866,9.2109375,"[18.36049805572326, 20.468250298891487]",0.9992567127725768,54.084809424387764,0.7201032093440434,0.7201032093440434,3.015631093733366e-09,0.014904638431502524,0.0003599537406166252,True,[],profile_and_numerical_variants,passed,enhanced_near_gb,"{""status"": ""passed"", ""reference_window"": ""Hann"", ""comparison_window"": ""Blackman"", ""amplitude_ratio"": 0.9987084052482458, ""matched_period_angstrom"": 19.357166313201024}","{""half_x_bin_origin"": {""status"": ""consistent"", ""profile_status"": ""resolved_profile"", ""matched_period_angstrom"": 19.357166313201024, ""amplitude_ratio"": 0.9981345759205252, ""matched_amplitude_strain"": 0.00035928227424138193}, ""smoothing_0.5_nn"": {""status"": ""consistent"", ""profile_status"": ""resolved_profile"", ""matched_period_angstrom"": 19.357166313201024, ""amplitude_ratio"": 1.058075406489388, ""matched_amplitude_strain"": 0.00038085820042031146}, ""smoothing_0.8_nn"": {""status"": ""consistent"", ""profile_status"": ""resolved_profile"", ""matched_period_angstrom"": 19.357166313201024, ""amplitude_ratio"": 0.9311725290601656, ""matched_amplitude_strain"": 0.0003351790349946497}}","{""absolute_power_neighborhood_max_strain_squared"": 1.050085683564308e-14, ""absolute_power_ratio"": 287179.52648372494, ""matched_period_angstrom"": null, ""matched_amplitude_strain"": null, ""shared_actual_peak"": false, ""used_as_veto"": false}"
upper_middle_all,upper,middle,all,spectrum,13.004045061688894,0.07689914909216145,1.28259193624649e-06,13.7109375,"[12.546508566940082, 13.496214715117686]",0.9563160338400047,20.41428565933013,0.00557747686051231,0.00557747686051231,2.3357224946213758e-11,0.00011544216841046005,3.167876238902431e-05,True,[],profile_and_numerical_variants,passed,enhanced_near_gb,"{""status"": ""passed"", ""reference_window"": ""Hann"", ""comparison_window"": ""Blackman"", ""amplitude_ratio"": 0.9433666062475283, ""matched_period_angstrom"": 13.004045061688894}","{""half_x_bin_origin"": {""status"": ""consistent"", ""profile_status"": ""resolved_profile"", ""matched_period_angstrom"": 12.93769789300681, ""amplitude_ratio"": 0.8861871050037693, ""matched_amplitude_strain"": 2.8073310731631744e-05}, ""smoothing_0.5_nn"": {""status"": ""consistent"", ""profile_status"": ""resolved_profile"", ""matched_period_angstrom"": 13.004045061688894, ""amplitude_ratio"": 1.1422742917098252, ""matched_amplitude_strain"": 3.6185835870166594e-05}, ""smoothing_0.8_nn"": {""status"": ""consistent"", ""profile_status"": ""resolved_profile"", ""matched_period_angstrom"": 13.004045061688894, ""amplitude_ratio"": 0.8474680430715742, ""matched_amplitude_strain"": 2.684673876875582e-05}}","{""absolute_power_neighborhood_max_strain_squared"": 3.941044804215402e-15, ""absolute_power_ratio"": 5926.658058094268, ""matched_period_angstrom"": null, ""matched_amplitude_strain"": null, ""shared_actual_peak"": false, ""used_as_veto"": false}"
upper_middle_all,upper,middle,all,spectrum,15.462126750178868,0.06467415615956142,2.9060440957775945e-07,11.53125,"[14.819544859262344, 16.16295969069689]",0.8071994061566973,0.19071449905831742,0.0012637217841289317,0.0012637217841289317,5.292184032229011e-12,2.615641206156057e-05,1.5079087239820557e-05,False,"[""insufficient_local_prominence"", ""window_sensitive_possible_leakage""]",profile_and_numerical_variants,passed,enhanced_near_gb_and_shared,"{""status"": ""failed"", ""reference_window"": ""Hann"", ""comparison_window"": ""Blackman"", ""amplitude_ratio"": null, ""matched_period_angstrom"": null}","{""half_x_bin_origin"": {""status"": ""consistent"", ""profile_status"": ""resolved_profile"", ""matched_period_angstrom"": 15.462126750178868, ""amplitude_ratio"": 0.6245571237873163, ""matched_amplitude_strain"": 9.41775135584035e-06}, ""smoothing_0.5_nn"": {""status"": ""consistent"", ""profile_status"": ""resolved_profile"", ""matched_period_angstrom"": 15.368416891086875, ""amplitude_ratio"": 1.0144763312828038, ""matched_amplitude_strain"": 1.52973771021465e-05}, ""smoothing_0.8_nn"": {""status"": ""consistent"", ""profile_status"": ""resolved_profile"", ""matched_period_angstrom"": 15.462126750178868, ""amplitude_ratio"": 0.9760519012854069, ""matched_amplitude_strain"": 1.4717971770075373e-05}}","{""absolute_power_neighborhood_max_strain_squared"": 1.2293116550527301e-14, ""absolute_power_ratio"": 430.49978502009793, ""matched_period_angstrom"": 15.55698642349285, ""matched_amplitude_strain"": 7.267559304351464e-07, ""shared_actual_peak"": true, ""used_as_veto"": false}"
upper_middle_all,upper,middle,all,spectrum,9.678583156600512,0.10332090801100666,2.535240707512256e-07,18.421875,"[9.422831991438484, 9.94860465704621]",0.9932774011799306,53.450262525703586,0.001102474293060032,0.001102474293060032,4.616915624111771e-12,2.2818924433143903e-05,1.408424443200907e-05,True,[],profile_and_numerical_variants,passed,enhanced_near_gb,"{""status"": ""passed"", ""reference_window"": ""Hann"", ""comparison_window"": ""Blackman"", ""amplitude_ratio"": 0.9822518089479622, ""matched_period_angstrom"": 9.678583156600512}","{""half_x_bin_origin"": {""status"": ""consistent"", ""profile_status"": ""resolved_profile"", ""matched_period_angstrom"": 9.75303379626667, ""amplitude_ratio"": 1.2816166623176093, ""matched_amplitude_strain"": 1.8050602340216836e-05}, ""smoothing_0.5_nn"": {""status"": ""consistent"", ""profile_status"": ""resolved_profile"", ""matched_period_angstrom"": 9.678583156600512, ""amplitude_ratio"": 1.362942464028343, ""matched_amplitude_strain"": 1.919601481013991e-05}, ""smoothing_0.8_nn"": {""status"": ""consistent"", ""profile_status"": ""resolved_profile"", ""matched_period_angstrom"": 9.641782460187583, ""amplitude_ratio"": 0.7033753537216978, ""matched_amplitude_strain"": 9.906510409267233e-06}}","{""absolute_power_neighborhood_max_strain_squared"": 7.54000101216627e-15, ""absolute_power_ratio"": 612.3229448725649, ""matched_period_angstrom"": null, ""matched_amplitude_strain"": null, ""shared_actual_peak"": false, ""used_as_veto"": false}"
upper_middle_all,upper,middle,all,spectrum,8.509358345736022,0.11751767399725184,1.11881839684042e-08,20.953125,"[8.311033897765482, 8.717379328977849]",0.6772061768880994,0.7374398820216389,4.865291557777014e-05,4.865291557777014e-05,2.037475227346336e-13,1.00701414174454e-06,2.9587192226253557e-06,False,"[""insufficient_local_prominence"", ""window_sensitive_possible_leakage"", ""numerical_variant_inconsistent""]",profile_and_numerical_variants,failed,enhanced_near_gb,"{""status"": ""failed"", ""reference_window"": ""Hann"", ""comparison_window"": ""Blackman"", ""amplitude_ratio"": null, ""matched_period_angstrom"": null}","{""half_x_bin_origin"": {""status"": ""unresolved_or_inconsistent"", ""profile_status"": ""resolved_profile"", ""matched_period_angstrom"": 8.654569239007968, ""amplitude_ratio"": 0.4119770644425448, ""matched_amplitude_strain"": 1.2189244598469222e-06}, ""smoothing_0.5_nn"": {""status"": ""consistent"", ""profile_status"": ""resolved_profile"", ""matched_period_angstrom"": 8.538009383937153, ""amplitude_ratio"": 1.3468465193259433, ""matched_amplitude_strain"": 3.984940686655721e-06}, ""smoothing_0.8_nn"": {""status"": ""consistent"", ""profile_status"": ""resolved_profile"", ""matched_period_angstrom"": 8.480898953275366, ""amplitude_ratio"": 0.7330798510407492, ""matched_amplitude_strain"": 2.1689774469935972e-06}}","{""absolute_power_neighborhood_max_strain_squared"": 3.2662727424240568e-15, ""absolute_power_ratio"": 62.379212883313244, ""matched_period_angstrom"": null, ""matched_amplitude_strain"": null, ""shared_actual_peak"": false, ""used_as_veto"": false}"
upper_middle_all,upper,middle,all,spectrum,8.075760468246289,0.12382734776891637,1.0295505607038223e-08,22.078125,"[7.896920098015228, 8.262888878806665]",0.9185277915118816,2.9273837538029124,4.4771016149204006e-05,4.4771016149204006e-05,1.8749099663166926e-13,9.266668989334174e-07,2.8382313552473e-06,False,"[""numerical_variant_inconsistent""]",profile_and_numerical_variants,failed,enhanced_near_gb,"{""status"": ""passed"", ""reference_window"": ""Hann"", ""comparison_window"": ""Blackman"", ""amplitude_ratio"": 1.0936289065984321, ""matched_period_angstrom"": 8.206436203978429}","{""half_x_bin_origin"": {""status"": ""consistent"", ""profile_status"": ""resolved_profile"", ""matched_period_angstrom"": 7.875120456612839, ""amplitude_ratio"": 1.719091849835704, ""matched_amplitude_strain"": 4.879180390753778e-06}, ""smoothing_0.5_nn"": {""status"": ""consistent"", ""profile_status"": ""resolved_profile"", ""matched_period_angstrom"": 8.075760468246289, ""amplitude_ratio"": 1.1429677940887426, ""matched_amplitude_strain"": 3.2440070312205085e-06}, ""smoothing_0.8_nn"": {""status"": ""unresolved_or_inconsistent"", ""profile_status"": ""resolved_profile"", ""matched_period_angstrom"": null, ""amplitude_ratio"": null, ""matched_amplitude_strain"": null}}","{""absolute_power_neighborhood_max_strain_squared"": 3.2662727424240568e-15, ""absolute_power_ratio"": 57.4021251184686, ""matched_period_angstrom"": null, ""matched_amplitude_strain"": null, ""shared_actual_peak"": false, ""used_as_veto"": false}"
upper_middle_all,upper,middle,all,spectrum,7.245110820083813,0.13802411375516155,9.576764222153943e-09,24.609374999999996,"[7.100839789441198, 7.395365872736232]",0.5609427221823737,1.2247364719573697,4.164549872655724e-05,4.164549872655724e-05,1.7440202910391068e-13,8.619751901735766e-07,2.7373690431548625e-06,False,"[""insufficient_local_prominence"", ""numerical_variant_inconsistent""]",profile_and_numerical_variants,failed,enhanced_near_gb_and_shared,"{""status"": ""passed"", ""reference_window"": ""Hann"", ""comparison_window"": ""Blackman"", ""amplitude_ratio"": 1.0157130165241082, ""matched_period_angstrom"": 7.183537640309729}","{""half_x_bin_origin"": {""status"": ""unresolved_or_inconsistent"", ""profile_status"": ""resolved_profile"", ""matched_period_angstrom"": null, ""amplitude_ratio"": null, ""matched_amplitude_strain"": null}, ""smoothing_0.5_nn"": {""status"": ""consistent"", ""profile_status"": ""resolved_profile"", ""matched_period_angstrom"": 7.183537640309729, ""amplitude_ratio"": 1.0452501205575622, ""matched_amplitude_strain"": 2.861235322368159e-06}, ""smoothing_0.8_nn"": {""status"": ""consistent"", ""profile_status"": ""resolved_profile"", ""matched_period_angstrom"": 7.183537640309729, ""amplitude_ratio"": 1.212231876721101, ""matched_amplitude_strain"": 3.3183260124618637e-06}}","{""absolute_power_neighborhood_max_strain_squared"": 1.1570466278031996e-15, ""absolute_power_ratio"": 150.73033783870503, ""matched_period_angstrom"": 7.103049823611582, ""matched_amplitude_strain"": 2.2296311089447122e-07, ""shared_actual_peak"": true, ""used_as_veto"": false}"
upper_middle_all,upper,middle,all,spectrum,11.320485656380956,0.0883354328033034,6.500722894610413e-09,15.75,"[10.972163020800004, 11.691649120524595]",0.6247655201462032,0.029717783741268388,2.8269031245744673e-05,2.8269031245744673e-05,1.1838437672294603e-13,5.851101398513119e-07,2.2553023932979027e-06,False,"[""insufficient_local_prominence"", ""window_sensitive_possible_leakage"", ""numerical_variant_inconsistent""]",profile_and_numerical_variants,failed,enhanced_near_gb,"{""status"": ""failed"", ""reference_window"": ""Hann"", ""comparison_window"": ""Blackman"", ""amplitude_ratio"": null, ""matched_period_angstrom"": null}","{""half_x_bin_origin"": {""status"": ""unresolved_or_inconsistent"", ""profile_status"": ""resolved_profile"", ""matched_period_angstrom"": null, ""amplitude_ratio"": null, ""matched_amplitude_strain"": null}, ""smoothing_0.5_nn"": {""status"": ""consistent"", ""profile_status"": ""resolved_profile"", ""matched_period_angstrom"": 11.320485656380956, ""amplitude_ratio"": 1.1807335021908607, ""matched_amplitude_strain"": 2.6629110933380626e-06}, ""smoothing_0.8_nn"": {""status"": ""consistent"", ""profile_status"": ""resolved_profile"", ""matched_period_angstrom"": 11.371250166050826, ""amplitude_ratio"": 0.8377978100825219, ""matched_amplitude_strain"": 1.8894874061788533e-06}}","{""absolute_power_neighborhood_max_strain_squared"": 4.018958021183296e-15, ""absolute_power_ratio"": 29.456485014016216, ""matched_period_angstrom"": null, ""matched_amplitude_strain"": null, ""shared_actual_peak"": false, ""used_as_veto"": false}"
upper_middle_all,upper,middle,all,spectrum,6.673128386919301,0.14985475207703255,4.957754926857656e-09,26.71875,"[6.550545087044779, 6.800387092748513]",0.15188465510835222,0.16988684682989305,2.1559283668633117e-05,2.1559283668633117e-05,9.028545539877724e-14,4.4623232302475496e-07,1.9695475998417935e-06,False,"[""insufficient_local_prominence"", ""window_sensitive_possible_leakage"", ""numerical_variant_inconsistent""]",profile_and_numerical_variants,failed,enhanced_near_gb,"{""status"": ""failed"", ""reference_window"": ""Hann"", ""comparison_window"": ""Blackman"", ""amplitude_ratio"": null, ""matched_period_angstrom"": null}","{""half_x_bin_origin"": {""status"": ""consistent"", ""profile_status"": ""resolved_profile"", ""matched_period_angstrom"": 6.5355381109003465, ""amplitude_ratio"": 0.44969650467276495, ""matched_amplitude_strain"": 8.856986714354881e-07}, ""smoothing_0.5_nn"": {""status"": ""consistent"", ""profile_status"": ""resolved_profile"", ""matched_period_angstrom"": 6.56940100266667, ""amplitude_ratio"": 0.9802578400638341, ""matched_amplitude_strain"": 1.930664476123825e-06}, ""smoothing_0.8_nn"": {""status"": ""unresolved_or_inconsistent"", ""profile_status"": ""resolved_profile"", ""matched_period_angstrom"": null, ""amplitude_ratio"": null, ""matched_amplitude_strain"": null}}","{""absolute_power_neighborhood_max_strain_squared"": 7.332854435972591e-16, ""absolute_power_ratio"": 123.12457063904918, ""matched_period_angstrom"": null, ""matched_amplitude_strain"": null, ""shared_actual_peak"": false, ""used_as_veto"": false}"
upper_middle_z0,upper,middle,z0,spectrum,39.62169979733335,0.025238695086658113,0.00022995914693125746,4.5,"[35.65952981760002, 44.57441227200002]",0.9983775253913902,56.10125752606652,1.0,1.0,4.187775840094286e-09,0.020697892490699976,0.0004241791312586932,True,[],profile_and_numerical_variants,passed,enhanced_near_gb_and_shared,"{""status"": ""passed"", ""reference_window"": ""Hann"", ""comparison_window"": ""Blackman"", ""amplitude_ratio"": 0.9907017250212639, ""matched_period_angstrom"": 39.01213518506668}","{""half_x_bin_origin"": {""status"": ""consistent"", ""profile_status"": ""resolved_profile"", ""matched_period_angstrom"": 39.62169979733335, ""amplitude_ratio"": 1.0070609154024561, ""matched_amplitude_strain"": 0.00042717422421999815}, ""smoothing_0.5_nn"": {""status"": ""consistent"", ""profile_status"": ""resolved_profile"", ""matched_period_angstrom"": 39.62169979733335, ""amplitude_ratio"": 1.0135241207091024, ""matched_amplitude_strain"": 0.00042991578103211795}, ""smoothing_0.8_nn"": {""status"": ""consistent"", ""profile_status"": ""resolved_profile"", ""matched_period_angstrom"": 39.62169979733335, ""amplitude_ratio"": 0.9832349151358204, ""matched_amplitude_strain"": 0.0004170677321255272}}","{""absolute_power_neighborhood_max_strain_squared"": 1.1183305882306724e-12, ""absolute_power_ratio"": 3744.667171019465, ""matched_period_angstrom"": 45.281942625523826, ""matched_amplitude_strain"": 6.93174673699198e-06, ""shared_actual_peak"": true, ""used_as_veto"": false}"
upper_middle_z0,upper,middle,z0,spectrum,19.357166313201024,0.05166045400550333,0.000165594765490204,9.2109375,"[18.36049805572326, 20.468250298891487]",0.9992564091997057,54.08527602584519,0.720105147805692,0.720105147805692,3.015638940308202e-09,0.014904658931281829,0.00035995420891033196,True,[],profile_and_numerical_variants,passed,enhanced_near_gb,"{""status"": ""passed"", ""reference_window"": ""Hann"", ""comparison_window"": ""Blackman"", ""amplitude_ratio"": 0.9987089416439144, ""matched_period_angstrom"": 19.357166313201024}","{""half_x_bin_origin"": {""status"": ""consistent"", ""profile_status"": ""resolved_profile"", ""matched_period_angstrom"": 19.357166313201024, ""amplitude_ratio"": 0.9981314174796291, ""matched_amplitude_strain"": 0.00035928160476742817}, ""smoothing_0.5_nn"": {""status"": ""consistent"", ""profile_status"": ""resolved_profile"", ""matched_period_angstrom"": 19.357166313201024, ""amplitude_ratio"": 1.0580753551652706, ""matched_amplitude_strain"": 0.0003808586774360335}, ""smoothing_0.8_nn"": {""status"": ""consistent"", ""profile_status"": ""resolved_profile"", ""matched_period_angstrom"": 19.357166313201024, ""amplitude_ratio"": 0.9311725892775727, ""matched_amplitude_strain"": 0.0003351794927323942}}","{""absolute_power_neighborhood_max_strain_squared"": 1.0582274712484342e-14, ""absolute_power_ratio"": 284970.7668948085, ""matched_period_angstrom"": null, ""matched_amplitude_strain"": null, ""shared_actual_peak"": false, ""used_as_veto"": false}"
upper_middle_z0,upper,middle,z0,spectrum,13.004045061688894,0.07689914909216145,1.2825914781889155e-06,13.7109375,"[12.546508566940082, 13.496214715117686]",0.9563105883458611,20.411693811034272,0.005577475370320126,0.005577475370320126,2.3357216604547558e-11,0.00011544198558441301,3.167875673223747e-05,True,[],profile_and_numerical_variants,passed,enhanced_near_gb,"{""status"": ""passed"", ""reference_window"": ""Hann"", ""comparison_window"": ""Blackman"", ""amplitude_ratio"": 0.9433670604852286, ""matched_period_angstrom"": 13.004045061688894}","{""half_x_bin_origin"": {""status"": ""consistent"", ""profile_status"": ""resolved_profile"", ""matched_period_angstrom"": 12.93769789300681, ""amplitude_ratio"": 0.8862051464361019, ""matched_amplitude_strain"": 2.8073877248806156e-05}, ""smoothing_0.5_nn"": {""status"": ""consistent"", ""profile_status"": ""resolved_profile"", ""matched_period_angstrom"": 13.004045061688894, ""amplitude_ratio"": 1.1422748141932995, ""matched_amplitude_strain"": 3.618584596019129e-05}, ""smoothing_0.8_nn"": {""status"": ""consistent"", ""profile_status"": ""resolved_profile"", ""matched_period_angstrom"": 13.004045061688894, ""amplitude_ratio"": 0.8474680196194223, ""matched_amplitude_strain"": 2.6846733231874733e-05}}","{""absolute_power_neighborhood_max_strain_squared"": 3.948119762151396e-15, ""absolute_power_ratio"": 5916.035483133324, ""matched_period_angstrom"": null, ""matched_amplitude_strain"": null, ""shared_actual_peak"": false, ""used_as_veto"": false}"
upper_middle_z0,upper,middle,z0,spectrum,15.462126750178868,0.06467415615956142,2.90615613882266e-07,11.53125,"[14.819544859262344, 16.16295969069689]",0.8071828752553293,0.1907171821152471,0.0012637706208274498,0.0012637706208274498,5.292388073322151e-12,2.615738844279172e-05,1.5079377925459003e-05,False,"[""insufficient_local_prominence"", ""window_sensitive_possible_leakage""]",profile_and_numerical_variants,passed,enhanced_near_gb_and_shared,"{""status"": ""failed"", ""reference_window"": ""Hann"", ""comparison_window"": ""Blackman"", ""amplitude_ratio"": null, ""matched_period_angstrom"": null}","{""half_x_bin_origin"": {""status"": ""consistent"", ""profile_status"": ""resolved_profile"", ""matched_period_angstrom"": 15.462126750178868, ""amplitude_ratio"": 0.6245507257385147, ""matched_amplitude_strain"": 9.417836427030757e-06}, ""smoothing_0.5_nn"": {""status"": ""consistent"", ""profile_status"": ""resolved_profile"", ""matched_period_angstrom"": 15.368416891086875, ""amplitude_ratio"": 1.0144804997629215, ""matched_amplitude_strain"": 1.5297734853933617e-05}, ""smoothing_0.8_nn"": {""status"": ""consistent"", ""profile_status"": ""resolved_profile"", ""matched_period_angstrom"": 15.462126750178868, ""amplitude_ratio"": 0.9760494361860055, ""matched_amplitude_strain"": 1.4718218322179957e-05}}","{""absolute_power_neighborhood_max_strain_squared"": 1.2300324548283067e-14, ""absolute_power_ratio"": 430.26410015017746, ""matched_period_angstrom"": 15.55698642349285, ""matched_amplitude_strain"": 7.269689637792385e-07, ""shared_actual_peak"": true, ""used_as_veto"": false}"
upper_middle_z0,upper,middle,z0,spectrum,9.678583156600512,0.10332090801100666,2.534954484066106e-07,18.421875,"[9.422831991438484, 9.94860465704621]",0.993274351929443,53.42163774200125,0.0011023499251473087,0.0011023499251473087,4.616394383861644e-12,2.281632023783016e-05,1.4083449368496575e-05,True,[],profile_and_numerical_variants,passed,enhanced_near_gb,"{""status"": ""passed"", ""reference_window"": ""Hann"", ""comparison_window"": ""Blackman"", ""amplitude_ratio"": 0.9822496240980788, ""matched_period_angstrom"": 9.678583156600512}","{""half_x_bin_origin"": {""status"": ""consistent"", ""profile_status"": ""resolved_profile"", ""matched_period_angstrom"": 9.75303379626667, ""amplitude_ratio"": 1.2816280387286678, ""matched_amplitude_strain"": 1.804974359268076e-05}, ""smoothing_0.5_nn"": {""status"": ""consistent"", ""profile_status"": ""resolved_profile"", ""matched_period_angstrom"": 9.678583156600512, ""amplitude_ratio"": 1.3629508352998072, ""matched_amplitude_strain"": 1.9195049080694948e-05}, ""smoothing_0.8_nn"": {""status"": ""consistent"", ""profile_status"": ""resolved_profile"", ""matched_period_angstrom"": 9.641782460187583, ""amplitude_ratio"": 0.7033693234580967, ""matched_amplitude_strain"": 9.905866254275794e-06}}","{""absolute_power_neighborhood_max_strain_squared"": 7.560191401770672e-15, ""absolute_power_ratio"": 610.6187183012903, ""matched_period_angstrom"": null, ""matched_amplitude_strain"": null, ""shared_actual_peak"": false, ""used_as_veto"": false}"
upper_middle_z0,upper,middle,z0,spectrum,8.509358345736022,0.11751767399725184,1.1189480895183438e-08,20.953125,"[8.311033897765482, 8.717379328977849]",0.6769804384797719,0.7371330558862673,4.865855976813286e-05,4.865855976813286e-05,2.0377114101077065e-13,1.0071296388331132e-06,2.9588907040296084e-06,False,"[""insufficient_local_prominence"", ""window_sensitive_possible_leakage"", ""numerical_variant_inconsistent""]",profile_and_numerical_variants,failed,enhanced_near_gb,"{""status"": ""failed"", ""reference_window"": ""Hann"", ""comparison_window"": ""Blackman"", ""amplitude_ratio"": null, ""matched_period_angstrom"": null}","{""half_x_bin_origin"": {""status"": ""unresolved_or_inconsistent"", ""profile_status"": ""resolved_profile"", ""matched_period_angstrom"": 8.654569239007968, ""amplitude_ratio"": 0.4119700600061189, ""matched_amplitude_strain"": 1.2189743808906252e-06}, ""smoothing_0.5_nn"": {""status"": ""consistent"", ""profile_status"": ""resolved_profile"", ""matched_period_angstrom"": 8.538009383937153, ""amplitude_ratio"": 1.3468466181656755, ""matched_amplitude_strain"": 3.985171938244133e-06}, ""smoothing_0.8_nn"": {""status"": ""consistent"", ""profile_status"": ""resolved_profile"", ""matched_period_angstrom"": 8.480898953275366, ""amplitude_ratio"": 0.733070700514701, ""matched_amplitude_strain"": 2.1690760811494218e-06}}","{""absolute_power_neighborhood_max_strain_squared"": 3.2635895690904346e-15, ""absolute_power_ratio"": 62.4377351063669, ""matched_period_angstrom"": null, ""matched_amplitude_strain"": null, ""shared_actual_peak"": false, ""used_as_veto"": false}"
upper_middle_z0,upper,middle,z0,spectrum,8.075760468246289,0.12382734776891637,1.0297324698543852e-08,22.078125,"[7.896920098015228, 8.262888878806665]",0.9185698135058296,2.926413174299412,4.477893067511713e-05,4.477893067511713e-05,1.8752412402651245e-13,9.268294929620817e-07,2.8384820847746534e-06,False,"[""numerical_variant_inconsistent""]",profile_and_numerical_variants,failed,enhanced_near_gb,"{""status"": ""passed"", ""reference_window"": ""Hann"", ""comparison_window"": ""Blackman"", ""amplitude_ratio"": 1.093614554298478, ""matched_period_angstrom"": 8.206436203978429}","{""half_x_bin_origin"": {""status"": ""consistent"", ""profile_status"": ""resolved_profile"", ""matched_period_angstrom"": 7.875120456612839, ""amplitude_ratio"": 1.7189183662789007, ""matched_amplitude_strain"": 4.879118987872775e-06}, ""smoothing_0.5_nn"": {""status"": ""consistent"", ""profile_status"": ""resolved_profile"", ""matched_period_angstrom"": 8.075760468246289, ""amplitude_ratio"": 1.1429675806614321, ""matched_amplitude_strain"": 3.244293001185704e-06}, ""smoothing_0.8_nn"": {""status"": ""unresolved_or_inconsistent"", ""profile_status"": ""resolved_profile"", ""matched_period_angstrom"": null, ""amplitude_ratio"": null, ""matched_amplitude_strain"": null}}","{""absolute_power_neighborhood_max_strain_squared"": 3.2635895690904346e-15, ""absolute_power_ratio"": 57.45946910805196, ""matched_period_angstrom"": null, ""matched_amplitude_strain"": null, ""shared_actual_peak"": false, ""used_as_veto"": false}"
upper_middle_z0,upper,middle,z0,spectrum,7.245110820083813,0.13802411375516155,9.57238017961656e-09,24.609374999999996,"[7.100839789441198, 7.395365872736232]",0.5606339009167464,1.223244800055977,4.162643803196082e-05,4.162643803196082e-05,1.7432219149942746e-13,8.615795391563097e-07,2.736742416259598e-06,False,"[""insufficient_local_prominence"", ""numerical_variant_inconsistent""]",profile_and_numerical_variants,failed,enhanced_near_gb_and_shared,"{""status"": ""passed"", ""reference_window"": ""Hann"", ""comparison_window"": ""Blackman"", ""amplitude_ratio"": 1.015757259508202, ""matched_period_angstrom"": 7.183537640309729}","{""half_x_bin_origin"": {""status"": ""unresolved_or_inconsistent"", ""profile_status"": ""resolved_profile"", ""matched_period_angstrom"": null, ""amplitude_ratio"": null, ""matched_amplitude_strain"": null}, ""smoothing_0.5_nn"": {""status"": ""consistent"", ""profile_status"": ""resolved_profile"", ""matched_period_angstrom"": 7.183537640309729, ""amplitude_ratio"": 1.0454124504274627, ""matched_amplitude_strain"": 2.8610245955707212e-06}, ""smoothing_0.8_nn"": {""status"": ""consistent"", ""profile_status"": ""resolved_profile"", ""matched_period_angstrom"": 7.183537640309729, ""amplitude_ratio"": 1.212423065331196, ""matched_amplitude_strain"": 3.3180896293433656e-06}}","{""absolute_power_neighborhood_max_strain_squared"": 1.160827429647944e-15, ""absolute_power_ratio"": 150.17063436577814, ""matched_period_angstrom"": 7.103049823611582, ""matched_amplitude_strain"": 2.2332709442249852e-07, ""shared_actual_peak"": true, ""used_as_veto"": false}"
upper_middle_z0,upper,middle,z0,spectrum,11.320485656380956,0.0883354328033034,6.501336655627094e-09,15.75,"[10.972163020800004, 11.691649120524595]",0.6248948792541009,0.029728054471207372,2.8271702788889554e-05,2.8271702788889554e-05,1.1839555389763792e-13,5.851646648534587e-07,2.255408857151336e-06,False,"[""insufficient_local_prominence"", ""window_sensitive_possible_leakage"", ""numerical_variant_inconsistent""]",profile_and_numerical_variants,failed,enhanced_near_gb,"{""status"": ""failed"", ""reference_window"": ""Hann"", ""comparison_window"": ""Blackman"", ""amplitude_ratio"": null, ""matched_period_angstrom"": null}","{""half_x_bin_origin"": {""status"": ""unresolved_or_inconsistent"", ""profile_status"": ""resolved_profile"", ""matched_period_angstrom"": null, ""amplitude_ratio"": null, ""matched_amplitude_strain"": null}, ""smoothing_0.5_nn"": {""status"": ""consistent"", ""profile_status"": ""resolved_profile"", ""matched_period_angstrom"": 11.320485656380956, ""amplitude_ratio"": 1.180720247675291, ""matched_amplitude_strain"": 2.6630069044247703e-06}, ""smoothing_0.8_nn"": {""status"": ""consistent"", ""profile_status"": ""resolved_profile"", ""matched_period_angstrom"": 11.371250166050826, ""amplitude_ratio"": 0.8378074343092193, ""matched_amplitude_strain"": 1.8895983079282492e-06}}","{""absolute_power_neighborhood_max_strain_squared"": 4.017699958468182e-15, ""absolute_power_ratio"": 29.46849070899219, ""matched_period_angstrom"": null, ""matched_amplitude_strain"": null, ""shared_actual_peak"": false, ""used_as_veto"": false}"
upper_middle_z0,upper,middle,z0,spectrum,6.673128386919301,0.14985475207703255,4.958230852439351e-09,26.71875,"[6.550545087044779, 6.800387092748513]",0.1517580637878482,0.16978263502290908,2.156135521724445e-05,2.156135521724445e-05,9.02941224584672e-14,4.462746122403187e-07,1.9696421321055235e-06,False,"[""insufficient_local_prominence"", ""window_sensitive_possible_leakage"", ""numerical_variant_inconsistent""]",profile_and_numerical_variants,failed,enhanced_near_gb,"{""status"": ""failed"", ""reference_window"": ""Hann"", ""comparison_window"": ""Blackman"", ""amplitude_ratio"": null, ""matched_period_angstrom"": null}","{""half_x_bin_origin"": {""status"": ""consistent"", ""profile_status"": ""resolved_profile"", ""matched_period_angstrom"": 6.5355381109003465, ""amplitude_ratio"": 0.44966725632285826, ""matched_amplitude_strain"": 8.856835734817955e-07}, ""smoothing_0.5_nn"": {""status"": ""consistent"", ""profile_status"": ""resolved_profile"", ""matched_period_angstrom"": 6.56940100266667, ""amplitude_ratio"": 0.9802886631667123, ""matched_amplitude_strain"": 1.9308178525985564e-06}, ""smoothing_0.8_nn"": {""status"": ""unresolved_or_inconsistent"", ""profile_status"": ""resolved_profile"", ""matched_period_angstrom"": null, ""amplitude_ratio"": null, ""matched_amplitude_strain"": null}}","{""absolute_power_neighborhood_max_strain_squared"": 7.340062068415543e-16, ""absolute_power_ratio"": 123.01547536907746, ""matched_period_angstrom"": null, ""matched_amplitude_strain"": null, ""shared_actual_peak"": false, ""used_as_veto"": false}"
upper_middle_z1,upper,middle,z1,spectrum,39.62169979733335,0.025238695086658113,0.00022995918830278418,4.5,"[35.65952981760002, 44.57441227200002]",0.9983772246330397,56.10155508790427,1.0,1.0,4.187776593509327e-09,0.02069794698795628,0.00042417916941533474,True,[],profile_and_numerical_variants,passed,enhanced_near_gb_and_shared,"{""status"": ""passed"", ""reference_window"": ""Hann"", ""comparison_window"": ""Blackman"", ""amplitude_ratio"": 0.9907017551606664, ""matched_period_angstrom"": 39.01213518506668}","{""half_x_bin_origin"": {""status"": ""consistent"", ""profile_status"": ""resolved_profile"", ""matched_period_angstrom"": 39.62169979733335, ""amplitude_ratio"": 1.007060612751455, ""matched_amplitude_strain"": 0.00042717413426781025}, ""smoothing_0.5_nn"": {""status"": ""consistent"", ""profile_status"": ""resolved_profile"", ""matched_period_angstrom"": 39.62169979733335, ""amplitude_ratio"": 1.013524193008237, ""matched_amplitude_strain"": 0.0004299158503725814}, ""smoothing_0.8_nn"": {""status"": ""consistent"", ""profile_status"": ""resolved_profile"", ""matched_period_angstrom"": 39.62169979733335, ""amplitude_ratio"": 0.983234885083427, ""matched_amplitude_strain"": 0.0004170677568948702}}","{""absolute_power_neighborhood_max_strain_squared"": 1.11829925355646e-12, ""absolute_power_ratio"": 3744.7727700713317, ""matched_period_angstrom"": 45.281942625523826, ""matched_amplitude_strain"": 6.931649625480633e-06, ""shared_actual_peak"": true, ""used_as_veto"": false}"
upper_middle_z1,upper,middle,z1,spectrum,19.357166313201024,0.05166045400550333,0.00016559390374932604,9.2109375,"[18.36049805572326, 20.468250298891487]",0.999257016283142,54.08434282471033,0.7201012708885142,0.7201012708885142,3.0156232471832393e-09,0.014904617930810412,0.00035995327232378395,True,[],profile_and_numerical_variants,passed,enhanced_near_gb,"{""status"": ""passed"", ""reference_window"": ""Hann"", ""comparison_window"": ""Blackman"", ""amplitude_ratio"": 0.9987078688541939, ""matched_period_angstrom"": 19.357166313201024}","{""half_x_bin_origin"": {""status"": ""consistent"", ""profile_status"": ""resolved_profile"", ""matched_period_angstrom"": 19.357166313201024, ""amplitude_ratio"": 0.9981377343720527, ""matched_amplitude_strain"": 0.0003592829437170682}, ""smoothing_0.5_nn"": {""status"": ""consistent"", ""profile_status"": ""resolved_profile"", ""matched_period_angstrom"": 19.357166313201024, ""amplitude_ratio"": 1.058075457813485, ""matched_amplitude_strain"": 0.00038085772340544976}, ""smoothing_0.8_nn"": {""status"": ""consistent"", ""profile_status"": ""resolved_profile"", ""matched_period_angstrom"": 19.357166313201024, ""amplitude_ratio"": 0.931172468842841, ""matched_amplitude_strain"": 0.0003351785772577974}}","{""absolute_power_neighborhood_max_strain_squared"": 1.041976007865452e-14, ""absolute_power_ratio"": 289413.8851969267, ""matched_period_angstrom"": null, ""matched_amplitude_strain"": null, ""shared_actual_peak"": false, ""used_as_veto"": false}"
upper_middle_z1,upper,middle,z1,spectrum,13.004045061688894,0.07689914909216145,1.282592394307444e-06,13.7109375,"[12.546508566940082, 13.496214715117686]",0.9563214789682412,20.416877970060945,0.005577478350717918,0.005577478350717918,2.3357233287941506e-11,0.0001154423512296333,3.1678768045851863e-05,True,[],profile_and_numerical_variants,passed,enhanced_near_gb,"{""status"": ""passed"", ""reference_window"": ""Hann"", ""comparison_window"": ""Blackman"", ""amplitude_ratio"": 0.943366152010808, ""matched_period_angstrom"": 13.004045061688894}","{""half_x_bin_origin"": {""status"": ""consistent"", ""profile_status"": ""resolved_profile"", ""matched_period_angstrom"": 12.93769789300681, ""amplitude_ratio"": 0.886169063577031, ""matched_amplitude_strain"": 2.8072744214466516e-05}, ""smoothing_0.5_nn"": {""status"": ""consistent"", ""profile_status"": ""resolved_profile"", ""matched_period_angstrom"": 13.004045061688894, ""amplitude_ratio"": 1.1422737692263785, ""matched_amplitude_strain"": 3.618582578018336e-05}, ""smoothing_0.8_nn"": {""status"": ""consistent"", ""profile_status"": ""resolved_profile"", ""matched_period_angstrom"": 13.004045061688894, ""amplitude_ratio"": 0.8474680665238359, ""matched_amplitude_strain"": 2.6846744305675155e-05}}","{""absolute_power_neighborhood_max_strain_squared"": 3.933977189463678e-15, ""absolute_power_ratio"": 5937.307758290743, ""matched_period_angstrom"": null, ""matched_amplitude_strain"": null, ""shared_actual_peak"": false, ""used_as_veto"": false}"
upper_middle_z1,upper,middle,z1,spectrum,15.462126750178868,0.06467415615956142,2.905932055295946e-07,11.53125,"[14.819544859262344, 16.16295969069689]",0.8072159369045323,0.19071181580878357,0.001263672948553699,0.001263672948553699,5.2919799958040975e-12,2.615543569927887e-05,1.5078796555229088e-05,False,"[""insufficient_local_prominence"", ""window_sensitive_possible_leakage""]",profile_and_numerical_variants,passed,enhanced_near_gb_and_shared,"{""status"": ""failed"", ""reference_window"": ""Hann"", ""comparison_window"": ""Blackman"", ""amplitude_ratio"": null, ""matched_period_angstrom"": null}","{""half_x_bin_origin"": {""status"": ""consistent"", ""profile_status"": ""resolved_profile"", ""matched_period_angstrom"": 15.462126750178868, ""amplitude_ratio"": 0.6245635220484784, ""matched_amplitude_strain"": 9.417666284786343e-06}, ""smoothing_0.5_nn"": {""status"": ""consistent"", ""profile_status"": ""resolved_profile"", ""matched_period_angstrom"": 15.368416891086875, ""amplitude_ratio"": 1.014472162613533, ""matched_amplitude_strain"": 1.5297019350992745e-05}, ""smoothing_0.8_nn"": {""status"": ""consistent"", ""profile_status"": ""resolved_profile"", ""matched_period_angstrom"": 15.462126750178868, ""amplitude_ratio"": 0.9760543665021861, ""matched_amplitude_strain"": 1.4717725219329474e-05}}","{""absolute_power_neighborhood_max_strain_squared"": 1.2285910843795443e-14, ""absolute_power_ratio"": 430.7356664953027, ""matched_period_angstrom"": 15.55698642349285, ""matched_amplitude_strain"": 7.265429023677634e-07, ""shared_actual_peak"": true, ""used_as_veto"": false}"
upper_middle_z1,upper,middle,z1,spectrum,9.678583156600512,0.10332090801100666,2.5355269472775416e-07,18.421875,"[9.422831991438484, 9.94860465704621]",0.9932804492130403,53.47890694630007,0.0011025986680467175,0.0011025986680467175,4.617436894080605e-12,2.2821528780222165e-05,1.4085039495969317e-05,True,[],profile_and_numerical_variants,passed,enhanced_near_gb,"{""status"": ""passed"", ""reference_window"": ""Hann"", ""comparison_window"": ""Blackman"", ""amplitude_ratio"": 0.9822539935355473, ""matched_period_angstrom"": 9.678583156600512}","{""half_x_bin_origin"": {""status"": ""consistent"", ""profile_status"": ""resolved_profile"", ""matched_period_angstrom"": 9.75303379626667, ""amplitude_ratio"": 1.2816052882468347, ""matched_amplitude_strain"": 1.805146110319981e-05}, ""smoothing_0.5_nn"": {""status"": ""consistent"", ""profile_status"": ""resolved_profile"", ""matched_period_angstrom"": 9.678583156600512, ""amplitude_ratio"": 1.3629340938204757, ""matched_amplitude_strain"": 1.9196980541864552e-05}, ""smoothing_0.8_nn"": {""status"": ""consistent"", ""profile_status"": ""resolved_profile"", ""matched_period_angstrom"": 9.641782460187583, ""amplitude_ratio"": 0.7033813832821834, ""matched_amplitude_strain"": 9.907154564259085e-06}}","{""absolute_power_neighborhood_max_strain_squared"": 7.51984719295991e-15, ""absolute_power_ratio"": 614.0333407842987, ""matched_period_angstrom"": null, ""matched_amplitude_strain"": null, ""shared_actual_peak"": false, ""used_as_veto"": false}"
upper_middle_z1,upper,middle,z1,spectrum,8.509358345736022,0.11751767399725184,1.1186887117324975e-08,20.953125,"[8.311033897765482, 8.717379328977849]",0.6774318030126316,0.7377466363622496,4.8647271717603e-05,4.8647271717603e-05,2.0372390583706612e-13,1.0068986511196518e-06,2.958547741291838e-06,False,"[""insufficient_local_prominence"", ""window_sensitive_possible_leakage"", ""numerical_variant_inconsistent""]",profile_and_numerical_variants,failed,enhanced_near_gb,"{""status"": ""failed"", ""reference_window"": ""Hann"", ""comparison_window"": ""Blackman"", ""amplitude_ratio"": null, ""matched_period_angstrom"": null}","{""half_x_bin_origin"": {""status"": ""unresolved_or_inconsistent"", ""profile_status"": ""resolved_profile"", ""matched_period_angstrom"": 8.654569239007968, ""amplitude_ratio"": 0.4119840701976505, ""matched_amplitude_strain"": 1.2188745403314769e-06}, ""smoothing_0.5_nn"": {""status"": ""consistent"", ""profile_status"": ""resolved_profile"", ""matched_period_angstrom"": 8.538009383937153, ""amplitude_ratio"": 1.3468464209165913, ""matched_amplitude_strain"": 3.984709436469777e-06}, ""smoothing_0.8_nn"": {""status"": ""consistent"", ""profile_status"": ""resolved_profile"", ""matched_period_angstrom"": 8.480898953275366, ""amplitude_ratio"": 0.7330890030537824, ""matched_amplitude_strain"": 2.1688788141506534e-06}}","{""absolute_power_neighborhood_max_strain_squared"": 3.2689573220679707e-15, ""absolute_power_ratio"": 62.32076034207403, ""matched_period_angstrom"": null, ""matched_amplitude_strain"": null, ""shared_actual_peak"": false, ""used_as_veto"": false}"
upper_middle_z1,upper,middle,z1,spectrum,8.075760468246289,0.12382734776891637,1.0293686734561683e-08,22.078125,"[7.896920098015228, 8.262888878806665]",0.9184854674167917,2.9283541051482325,4.47631025771761e-05,4.47631025771761e-05,1.874578732255551e-13,9.265043241588401e-07,2.837980633761807e-06,False,"[""numerical_variant_inconsistent""]",profile_and_numerical_variants,failed,enhanced_near_gb,"{""status"": ""passed"", ""reference_window"": ""Hann"", ""comparison_window"": ""Blackman"", ""amplitude_ratio"": 1.0936432606566204, ""matched_period_angstrom"": 8.206436203978429}","{""half_x_bin_origin"": {""status"": ""consistent"", ""profile_status"": ""resolved_profile"", ""matched_period_angstrom"": 7.875120456612839, ""amplitude_ratio"": 1.7192653688095998, ""matched_amplitude_strain"": 4.879241820978995e-06}, ""smoothing_0.5_nn"": {""status"": ""consistent"", ""profile_status"": ""resolved_profile"", ""matched_period_angstrom"": 8.075760468246289, ""amplitude_ratio"": 1.1429680150999464, ""matched_amplitude_strain"": 3.2437210918628207e-06}, ""smoothing_0.8_nn"": {""status"": ""unresolved_or_inconsistent"", ""profile_status"": ""resolved_profile"", ""matched_period_angstrom"": null, ""amplitude_ratio"": null, ""matched_amplitude_strain"": null}}","{""absolute_power_neighborhood_max_strain_squared"": 3.2689573220679707e-15, ""absolute_power_ratio"": 57.34485181561429, ""matched_period_angstrom"": null, ""matched_amplitude_strain"": null, ""shared_actual_peak"": false, ""used_as_veto"": false}"
upper_middle_z1,upper,middle,z1,spectrum,7.245110820083813,0.13802411375516155,9.581149268873923e-09,24.609374999999996,"[7.100839789441198, 7.395365872736232]",0.5612512934406592,1.226228942146111,4.166456378450315e-05,4.166456378450315e-05,1.744818849955187e-13,8.623709324879694e-07,2.737995670120329e-06,False,"[""insufficient_local_prominence"", ""numerical_variant_inconsistent""]",profile_and_numerical_variants,failed,enhanced_near_gb_and_shared,"{""status"": ""passed"", ""reference_window"": ""Hann"", ""comparison_window"": ""Blackman"", ""amplitude_ratio"": 1.0156687937651563, ""matched_period_angstrom"": 7.183537640309729}","{""half_x_bin_origin"": {""status"": ""unresolved_or_inconsistent"", ""profile_status"": ""resolved_profile"", ""matched_period_angstrom"": null, ""amplitude_ratio"": null, ""matched_amplitude_strain"": null}, ""smoothing_0.5_nn"": {""status"": ""consistent"", ""profile_status"": ""resolved_profile"", ""matched_period_angstrom"": 7.183537640309729, ""amplitude_ratio"": 1.0450879084676552, ""matched_amplitude_strain"": 2.8614461682795505e-06}, ""smoothing_0.8_nn"": {""status"": ""consistent"", ""profile_status"": ""resolved_profile"", ""matched_period_angstrom"": 7.183537640309729, ""amplitude_ratio"": 1.2120407772756743, ""matched_amplitude_strain"": 3.3185624001900745e-06}}","{""absolute_power_neighborhood_max_strain_squared"": 1.1532918524374795e-15, ""absolute_power_ratio"": 151.29031270510725, ""matched_period_angstrom"": 7.103049823611582, ""matched_amplitude_strain"": 2.2260104394379253e-07, ""shared_actual_peak"": true, ""used_as_veto"": false}"
upper_middle_z1,upper,middle,z1,spectrum,11.320485656380956,0.0883354328033034,6.5001092107974925e-09,15.75,"[10.972163020800004, 11.691649120524595]",0.6246361122527432,0.02970751308123606,2.826636003880343e-05,2.826636003880343e-05,1.183732009542084e-13,5.850556216256393e-07,2.255195937811319e-06,False,"[""insufficient_local_prominence"", ""window_sensitive_possible_leakage"", ""numerical_variant_inconsistent""]",profile_and_numerical_variants,failed,enhanced_near_gb,"{""status"": ""failed"", ""reference_window"": ""Hann"", ""comparison_window"": ""Blackman"", ""amplitude_ratio"": null, ""matched_period_angstrom"": null}","{""half_x_bin_origin"": {""status"": ""unresolved_or_inconsistent"", ""profile_status"": ""resolved_profile"", ""matched_period_angstrom"": null, ""amplitude_ratio"": null, ""matched_amplitude_strain"": null}, ""smoothing_0.5_nn"": {""status"": ""consistent"", ""profile_status"": ""resolved_profile"", ""matched_period_angstrom"": 11.320485656380956, ""amplitude_ratio"": 1.1807467581013957, ""matched_amplitude_strain"": 2.6628152924541517e-06}, ""smoothing_0.8_nn"": {""status"": ""consistent"", ""profile_status"": ""resolved_profile"", ""matched_period_angstrom"": 11.371250166050826, ""amplitude_ratio"": 0.8377881852061181, ""matched_amplitude_strain"": 1.8893765120231545e-06}}","{""absolute_power_neighborhood_max_strain_squared"": 4.020218527914078e-15, ""absolute_power_ratio"": 29.444469282526107, ""matched_period_angstrom"": null, ""matched_amplitude_strain"": null, ""shared_actual_peak"": false, ""used_as_veto"": false}"
upper_middle_z1,upper,middle,z1,spectrum,6.673128386919301,0.14985475207703255,4.957279039059409e-09,26.71875,"[6.550545087044779, 6.800387092748513]",0.15201125134404003,0.1699910107589819,2.1557212284695604e-05,2.1557212284695604e-05,9.027678902715997e-14,4.4619003707674947e-07,1.969453070545986e-06,False,"[""insufficient_local_prominence"", ""window_sensitive_possible_leakage"", ""numerical_variant_inconsistent""]",profile_and_numerical_variants,failed,enhanced_near_gb,"{""status"": ""failed"", ""reference_window"": ""Hann"", ""comparison_window"": ""Blackman"", ""amplitude_ratio"": null, ""matched_period_angstrom"": null}","{""half_x_bin_origin"": {""status"": ""consistent"", ""profile_status"": ""resolved_profile"", ""matched_period_angstrom"": 6.5355381109003465, ""amplitude_ratio"": 0.44972575596333, ""matched_amplitude_strain"": 8.857137709855951e-07}, ""smoothing_0.5_nn"": {""status"": ""consistent"", ""profile_status"": ""resolved_profile"", ""matched_period_angstrom"": 6.56940100266667, ""amplitude_ratio"": 0.9802270276134188, ""matched_amplitude_strain"": 1.930511129365413e-06}, ""smoothing_0.8_nn"": {""status"": ""unresolved_or_inconsistent"", ""profile_status"": ""resolved_profile"", ""matched_period_angstrom"": null, ""amplitude_ratio"": null, ""matched_amplitude_strain"": null}}","{""absolute_power_neighborhood_max_strain_squared"": 7.325663692658178e-16, ""absolute_power_ratio"": 123.2335974112979, ""matched_period_angstrom"": null, ""matched_amplitude_strain"": null, ""shared_actual_peak"": false, ""used_as_veto"": false}"
upper_outer_all,upper,outer,all,spectrum,19.357166313201024,0.05166045400550333,9.159806893969931e-06,9.2109375,"[18.36049805572326, 20.468250298891487]",0.9993017853027356,42.22001971373661,1.0,0.21520538998610658,1.668088376669932e-10,0.007856875398527134,8.465782623502214e-05,True,[],profile_and_numerical_variants,passed,enhanced_near_gb,"{""status"": ""passed"", ""reference_window"": ""Hann"", ""comparison_window"": ""Blackman"", ""amplitude_ratio"": 1.0042811321928642, ""matched_period_angstrom"": 19.357166313201024}","{""half_x_bin_origin"": {""status"": ""consistent"", ""profile_status"": ""resolved_profile"", ""matched_period_angstrom"": 19.357166313201024, ""amplitude_ratio"": 1.0100672285344097, ""matched_amplitude_strain"": 8.551009591895645e-05}, ""smoothing_0.5_nn"": {""status"": ""consistent"", ""profile_status"": ""resolved_profile"", ""matched_period_angstrom"": 19.357166313201024, ""amplitude_ratio"": 1.0565247257997081, ""matched_amplitude_strain"": 8.94430866497561e-05}, ""smoothing_0.8_nn"": {""status"": ""consistent"", ""profile_status"": ""resolved_profile"", ""matched_period_angstrom"": 19.357166313201024, ""amplitude_ratio"": 0.9324942716321224, ""matched_amplitude_strain"": 7.894293801298576e-05}}","{""absolute_power_neighborhood_max_strain_squared"": 1.050085683564308e-14, ""absolute_power_ratio"": 15885.25967717164, ""matched_period_angstrom"": null, ""matched_amplitude_strain"": null, ""shared_actual_peak"": false, ""used_as_veto"": false}"
upper_outer_all,upper,outer,all,spectrum,33.3656419345965,0.02997095041540651,2.967737616629284e-07,5.34375,"[30.510827651422474, 36.80983723107098]",0.32258077694912496,2.0954594351101408,0.03239956530724463,0.00697256108732591,5.4045338298173145e-12,0.0002545593475854636,1.5238306499339593e-05,False,"[""insufficient_local_prominence"", ""window_sensitive_possible_leakage"", ""numerical_variant_inconsistent""]",profile_and_numerical_variants,failed,enhanced_near_gb,"{""status"": ""failed"", ""reference_window"": ""Hann"", ""comparison_window"": ""Blackman"", ""amplitude_ratio"": null, ""matched_period_angstrom"": null}","{""half_x_bin_origin"": {""status"": ""unresolved_or_inconsistent"", ""profile_status"": ""resolved_profile"", ""matched_period_angstrom"": 33.3656419345965, ""amplitude_ratio"": 0.9999915897085093, ""matched_amplitude_strain"": 1.5238178340740108e-05}, ""smoothing_0.5_nn"": {""status"": ""consistent"", ""profile_status"": ""resolved_profile"", ""matched_period_angstrom"": 33.3656419345965, ""amplitude_ratio"": 1.002377109808104, ""matched_amplitude_strain"": 1.527452962717807e-05}, ""smoothing_0.8_nn"": {""status"": ""consistent"", ""profile_status"": ""resolved_profile"", ""matched_period_angstrom"": 33.3656419345965, ""amplitude_ratio"": 0.9924282010693241, ""matched_amplitude_strain"": 1.512292510648258e-05}}","{""absolute_power_neighborhood_max_strain_squared"": 2.557293207933459e-13, ""absolute_power_ratio"": 21.133805904817233, ""matched_period_angstrom"": null, ""matched_amplitude_strain"": null, ""shared_actual_peak"": false, ""used_as_veto"": false}"
upper_outer_all,upper,outer,all,spectrum,26.41446653155557,0.03785804262998717,4.5686167439604945e-08,6.749999999999999,"[24.592779184551738, 28.527623854080012]",0.22307201990316428,0.02001239720970514,0.004987678012042043,0.0010733751917066366,8.319887718459525e-13,3.918756466858786e-05,5.978831547457901e-06,False,"[""insufficient_local_prominence"", ""window_sensitive_possible_leakage"", ""numerical_variant_inconsistent""]",profile_and_numerical_variants,failed,enhanced_near_gb,"{""status"": ""failed"", ""reference_window"": ""Hann"", ""comparison_window"": ""Blackman"", ""amplitude_ratio"": null, ""matched_period_angstrom"": null}","{""half_x_bin_origin"": {""status"": ""unresolved_or_inconsistent"", ""profile_status"": ""resolved_profile"", ""matched_period_angstrom"": 26.41446653155557, ""amplitude_ratio"": 0.8865929385196998, ""matched_amplitude_strain"": 5.3007898305749845e-06}, ""smoothing_0.5_nn"": {""status"": ""consistent"", ""profile_status"": ""resolved_profile"", ""matched_period_angstrom"": 26.41446653155557, ""amplitude_ratio"": 1.10977893727154, ""matched_amplitude_strain"": 6.635181320863387e-06}, ""smoothing_0.8_nn"": {""status"": ""consistent"", ""profile_status"": ""resolved_profile"", ""matched_period_angstrom"": 26.41446653155557, ""amplitude_ratio"": 0.8928399947309028, ""matched_amplitude_strain"": 5.338139927329268e-06}}","{""absolute_power_neighborhood_max_strain_squared"": 4.794693350517943e-14, ""absolute_power_ratio"": 17.352283264498606, ""matched_period_angstrom"": null, ""matched_amplitude_strain"": null, ""shared_actual_peak"": false, ""used_as_veto"": false}"
upper_outer_all,upper,outer,all,spectrum,15.368416891086875,0.06506851077029045,7.1458726247942226e-09,11.6015625,"[14.733440337807624, 16.06059048787052]",0.6717513099336943,4.015268903377502,0.0007801335451185638,0.00016788894381848437,1.3013316988625842e-13,6.129412058207802e-06,2.3645668090104642e-06,False,"[""window_sensitive_possible_leakage""]",profile_and_numerical_variants,passed,enhanced_near_gb_and_shared,"{""status"": ""failed"", ""reference_window"": ""Hann"", ""comparison_window"": ""Blackman"", ""amplitude_ratio"": null, ""matched_period_angstrom"": null}","{""half_x_bin_origin"": {""status"": ""consistent"", ""profile_status"": ""resolved_profile"", ""matched_period_angstrom"": 15.368416891086875, ""amplitude_ratio"": 0.5280019796096983, ""matched_amplitude_strain"": 1.2484959560769124e-06}, ""smoothing_0.5_nn"": {""status"": ""consistent"", ""profile_status"": ""resolved_profile"", ""matched_period_angstrom"": 15.368416891086875, ""amplitude_ratio"": 1.060658112323111, ""matched_amplitude_strain"": 2.507996968106921e-06}, ""smoothing_0.8_nn"": {""status"": ""consistent"", ""profile_status"": ""resolved_profile"", ""matched_period_angstrom"": 15.368416891086875, ""amplitude_ratio"": 0.9356820127797774, ""matched_amplitude_strain"": 2.2124826312071667e-06}}","{""absolute_power_neighborhood_max_strain_squared"": 1.2293116550527301e-14, ""absolute_power_ratio"": 10.585856674455469, ""matched_period_angstrom"": 15.55698642349285, ""matched_amplitude_strain"": 7.267559304351464e-07, ""shared_actual_peak"": true, ""used_as_veto"": false}"
upper_outer_all,upper,outer,all,spectrum,6.853483208187391,0.14591120596974222,2.3661544958902436e-09,26.015625,"[6.724248404025931, 6.987782940374773]",0.6649080980449011,1.938619615346229,0.0002583192553380057,5.559169608593616e-05,4.3089934729935963e-14,2.0295822022310266e-06,1.3606471079279788e-06,False,"[""insufficient_local_prominence""]",profile_and_numerical_variants,passed,enhanced_near_gb,"{""status"": ""passed"", ""reference_window"": ""Hann"", ""comparison_window"": ""Blackman"", ""amplitude_ratio"": 1.016446667446012, ""matched_period_angstrom"": 6.853483208187391}","{""half_x_bin_origin"": {""status"": ""consistent"", ""profile_status"": ""resolved_profile"", ""matched_period_angstrom"": 6.96645271161905, ""amplitude_ratio"": 0.9599702917916524, ""matched_amplitude_strain"": 1.3061808012230899e-06}, ""smoothing_0.5_nn"": {""status"": ""consistent"", ""profile_status"": ""resolved_profile"", ""matched_period_angstrom"": 6.8350102076262385, ""amplitude_ratio"": 1.089607110438677, ""matched_amplitude_strain"": 1.4825707635961479e-06}, ""smoothing_0.8_nn"": {""status"": ""consistent"", ""profile_status"": ""resolved_profile"", ""matched_period_angstrom"": 6.90950623168756, ""amplitude_ratio"": 0.8300210819435567, ""matched_amplitude_strain"": 1.1293657846657523e-06}}","{""absolute_power_neighborhood_max_strain_squared"": 1.1407163046178641e-15, ""absolute_power_ratio"": 37.77445325844705, ""matched_period_angstrom"": null, ""matched_amplitude_strain"": null, ""shared_actual_peak"": false, ""used_as_veto"": false}"
upper_outer_all,upper,outer,all,spectrum,7.850739278728589,0.12737653926547768,1.9283712459778583e-09,22.7109375,"[7.681622040815889, 8.027470658903978]",0.4962188253408314,0.9849888211415333,0.00021052531655960352,4.530618285215801e-05,3.511748335478326e-14,1.6540711804442864e-06,1.228341931313222e-06,False,"[""insufficient_local_prominence""]",profile_and_numerical_variants,passed,enhanced_near_gb,"{""status"": ""passed"", ""reference_window"": ""Hann"", ""comparison_window"": ""Blackman"", ""amplitude_ratio"": 1.017100542337613, ""matched_period_angstrom"": 7.802427037013337}","{""half_x_bin_origin"": {""status"": ""consistent"", ""profile_status"": ""resolved_profile"", ""matched_period_angstrom"": 7.875120456612839, ""amplitude_ratio"": 0.963782080441606, ""matched_amplitude_strain"": 1.1838539420547173e-06}, ""smoothing_0.5_nn"": {""status"": ""consistent"", ""profile_status"": ""resolved_profile"", ""matched_period_angstrom"": 7.75470577073191, ""amplitude_ratio"": 1.3740266476624268, ""matched_amplitude_strain"": 1.6877745460654972e-06}, ""smoothing_0.8_nn"": {""status"": ""consistent"", ""profile_status"": ""resolved_profile"", ""matched_period_angstrom"": 7.850739278728589, ""amplitude_ratio"": 0.7265824170072561, ""matched_amplitude_strain"": 8.924916493649217e-07}}","{""absolute_power_neighborhood_max_strain_squared"": 1.8771101100429162e-15, ""absolute_power_ratio"": 18.708270317706813, ""matched_period_angstrom"": null, ""matched_amplitude_strain"": null, ""shared_actual_peak"": false, ""used_as_veto"": false}"
upper_outer_all,upper,outer,all,spectrum,11.632058656097865,0.0859693051389292,1.86980659202567e-09,15.328125,"[11.264609616615997, 12.024288241972608]",0.748295332298533,1.522160538338357,0.0002041316605982816,4.393023362756474e-05,3.405096503543251e-14,1.6038370222151297e-06,1.2095457425581476e-06,False,"[""insufficient_local_prominence"", ""numerical_variant_inconsistent""]",profile_and_numerical_variants,failed,enhanced_near_gb,"{""status"": ""passed"", ""reference_window"": ""Hann"", ""comparison_window"": ""Blackman"", ""amplitude_ratio"": 0.9487478827376112, ""matched_period_angstrom"": 11.474157407372555}","{""half_x_bin_origin"": {""status"": ""unresolved_or_inconsistent"", ""profile_status"": ""resolved_profile"", ""matched_period_angstrom"": null, ""amplitude_ratio"": null, ""matched_amplitude_strain"": null}, ""smoothing_0.5_nn"": {""status"": ""consistent"", ""profile_status"": ""resolved_profile"", ""matched_period_angstrom"": 11.57894423301066, ""amplitude_ratio"": 1.3994309010063353, ""matched_amplitude_strain"": 1.6926756883165254e-06}, ""smoothing_0.8_nn"": {""status"": ""consistent"", ""profile_status"": ""resolved_profile"", ""matched_period_angstrom"": 11.632058656097865, ""amplitude_ratio"": 0.7123583761128396, ""matched_amplitude_strain"": 8.616300410029208e-07}}","{""absolute_power_neighborhood_max_strain_squared"": 1.786968771608721e-15, ""absolute_power_ratio"": 19.055153943612613, ""matched_period_angstrom"": null, ""matched_amplitude_strain"": null, ""shared_actual_peak"": false, ""used_as_veto"": false}"
upper_outer_all,upper,outer,all,spectrum,8.774355664461366,0.11396848250069054,1.7546604212146068e-09,20.3203125,"[8.563639430868296, 8.99570322556721]",0.44634464895195136,0.806177792930273,0.00019156085292253616,4.12249280592656e-05,3.19540432185061e-14,1.5050697526479495e-06,1.1717109644265316e-06,False,"[""insufficient_local_prominence"", ""numerical_variant_inconsistent""]",profile_and_numerical_variants,failed,enhanced_near_gb,"{""status"": ""passed"", ""reference_window"": ""Hann"", ""comparison_window"": ""Blackman"", ""amplitude_ratio"": 1.028527867138616, ""matched_period_angstrom"": 8.774355664461366}","{""half_x_bin_origin"": {""status"": ""unresolved_or_inconsistent"", ""profile_status"": ""resolved_profile"", ""matched_period_angstrom"": null, ""amplitude_ratio"": null, ""matched_amplitude_strain"": null}, ""smoothing_0.5_nn"": {""status"": ""consistent"", ""profile_status"": ""resolved_profile"", ""matched_period_angstrom"": 8.897504515892402, ""amplitude_ratio"": 1.3890065635672304, ""matched_amplitude_strain"": 1.627514220192142e-06}, ""smoothing_0.8_nn"": {""status"": ""consistent"", ""profile_status"": ""resolved_profile"", ""matched_period_angstrom"": 8.684208174757995, ""amplitude_ratio"": 0.6626810530940783, ""matched_amplitude_strain"": 7.764706558280521e-07}}","{""absolute_power_neighborhood_max_strain_squared"": 2.8550624845351525e-15, ""absolute_power_ratio"": 11.192064408954154, ""matched_period_angstrom"": null, ""matched_amplitude_strain"": null, ""shared_actual_peak"": false, ""used_as_veto"": false}"
upper_outer_all,upper,outer,all,spectrum,10.790590583103551,0.09267333352132276,1.546095327121276e-09,16.5234375,"[10.473657220405695, 11.127303307295957]",0.8152451334683133,6.250163782405725,0.00016879125783089368,3.632478846774294e-05,2.8155873527121137e-14,1.326171881137999e-06,1.0998718518826919e-06,False,"[""window_sensitive_possible_leakage""]",profile_and_numerical_variants,passed,enhanced_near_gb,"{""status"": ""failed"", ""reference_window"": ""Hann"", ""comparison_window"": ""Blackman"", ""amplitude_ratio"": null, ""matched_period_angstrom"": null}","{""half_x_bin_origin"": {""status"": ""consistent"", ""profile_status"": ""resolved_profile"", ""matched_period_angstrom"": 11.025168639257977, ""amplitude_ratio"": 1.0956449648049178, ""matched_amplitude_strain"": 1.2050690564459318e-06}, ""smoothing_0.5_nn"": {""status"": ""consistent"", ""profile_status"": ""resolved_profile"", ""matched_period_angstrom"": 10.699530746959216, ""amplitude_ratio"": 1.4359709890513088, ""matched_amplitude_strain"": 1.5793840709776836e-06}, ""smoothing_0.8_nn"": {""status"": ""consistent"", ""profile_status"": ""resolved_profile"", ""matched_period_angstrom"": 10.790590583103551, ""amplitude_ratio"": 0.6753563430422626, ""matched_amplitude_strain"": 7.428054317026159e-07}}","{""absolute_power_neighborhood_max_strain_squared"": 8.142237118494426e-15, ""absolute_power_ratio"": 3.4580021580515474, ""matched_period_angstrom"": null, ""matched_amplitude_strain"": null, ""shared_actual_peak"": false, ""used_as_veto"": false}"
upper_outer_all,upper,outer,all,spectrum,13.633273048544808,0.07334995759560015,1.195498835031209e-09,13.078125,"[13.13124228035904, 14.17521682190311]",0.9191097706083494,0.649083611713765,0.0001305157247166671,2.8087687436969674e-05,2.1771176337252496e-14,1.0254457866473219e-06,9.6716045853829e-07,False,"[""insufficient_local_prominence""]",profile_and_numerical_variants,passed,enhanced_near_gb,"{""status"": ""passed"", ""reference_window"": ""Hann"", ""comparison_window"": ""Blackman"", ""amplitude_ratio"": 0.8030829849603055, ""matched_period_angstrom"": 13.560367845076655}","{""half_x_bin_origin"": {""status"": ""consistent"", ""profile_status"": ""resolved_profile"", ""matched_period_angstrom"": 13.85676932802915, ""amplitude_ratio"": 2.248882168580569, ""matched_amplitude_strain"": 2.175029909362967e-06}, ""smoothing_0.5_nn"": {""status"": ""consistent"", ""profile_status"": ""resolved_profile"", ""matched_period_angstrom"": 13.560367845076655, ""amplitude_ratio"": 1.3802755051857734, ""matched_amplitude_strain"": 1.3349478905046425e-06}, ""smoothing_0.8_nn"": {""status"": ""consistent"", ""profile_status"": ""resolved_profile"", ""matched_period_angstrom"": 13.706966416374781, ""amplitude_ratio"": 0.721263271769341, ""matched_amplitude_strain"": 6.975773166512632e-07}}","{""absolute_power_neighborhood_max_strain_squared"": 4.114059149231886e-15, ""absolute_power_ratio"": 5.291896773364884, ""matched_period_angstrom"": null, ""matched_amplitude_strain"": null, ""shared_actual_peak"": false, ""used_as_veto"": false}"
upper_outer_z0,upper,outer,z0,spectrum,19.357166313201024,0.05166045400550333,9.159982120610315e-06,9.2109375,"[18.36049805572326, 20.468250298891487]",0.9993022142799628,42.209553696859594,1.0,0.21520956417806258,1.6681202871158062e-10,0.00785699247152775,8.465863598110636e-05,True,[],profile_and_numerical_variants,passed,enhanced_near_gb,"{""status"": ""passed"", ""reference_window"": ""Hann"", ""comparison_window"": ""Blackman"", ""amplitude_ratio"": 1.0042834574265698, ""matched_period_angstrom"": 19.357166313201024}","{""half_x_bin_origin"": {""status"": ""consistent"", ""profile_status"": ""resolved_profile"", ""matched_period_angstrom"": 19.357166313201024, ""amplitude_ratio"": 1.0100507800246818, ""matched_amplitude_strain"": 8.550952130854208e-05}, ""smoothing_0.5_nn"": {""status"": ""consistent"", ""profile_status"": ""resolved_profile"", ""matched_period_angstrom"": 19.357166313201024, ""amplitude_ratio"": 1.0565243402127034, ""matched_amplitude_strain"": 8.944390952324583e-05}, ""smoothing_0.8_nn"": {""status"": ""consistent"", ""profile_status"": ""resolved_profile"", ""matched_period_angstrom"": 19.357166313201024, ""amplitude_ratio"": 0.9324946433262233, ""matched_amplitude_strain"": 7.894372456368636e-05}}","{""absolute_power_neighborhood_max_strain_squared"": 1.0582274712484342e-14, ""absolute_power_ratio"": 15763.34325499844, ""matched_period_angstrom"": null, ""matched_amplitude_strain"": null, ""shared_actual_peak"": false, ""used_as_veto"": false}"
upper_outer_z0,upper,outer,z0,spectrum,33.3656419345965,0.02997095041540651,2.9677183491394083e-07,5.34375,"[30.510827651422474, 36.80983723107098]",0.32258694301156426,2.096111681934603,0.032398735172876884,0.006972517676475302,5.404498741876836e-12,0.000254556618340315,1.5238257033310133e-05,False,"[""insufficient_local_prominence"", ""window_sensitive_possible_leakage"", ""numerical_variant_inconsistent""]",profile_and_numerical_variants,failed,enhanced_near_gb,"{""status"": ""failed"", ""reference_window"": ""Hann"", ""comparison_window"": ""Blackman"", ""amplitude_ratio"": null, ""matched_period_angstrom"": null}","{""half_x_bin_origin"": {""status"": ""unresolved_or_inconsistent"", ""profile_status"": ""resolved_profile"", ""matched_period_angstrom"": 33.3656419345965, ""amplitude_ratio"": 0.9999981840651883, ""matched_amplitude_strain"": 1.5238229361628716e-05}, ""smoothing_0.5_nn"": {""status"": ""consistent"", ""profile_status"": ""resolved_profile"", ""matched_period_angstrom"": 33.3656419345965, ""amplitude_ratio"": 1.00237720902868, ""matched_amplitude_strain"": 1.5274481555511063e-05}, ""smoothing_0.8_nn"": {""status"": ""consistent"", ""profile_status"": ""resolved_profile"", ""matched_period_angstrom"": 33.3656419345965, ""amplitude_ratio"": 0.9924281073032791, ""matched_amplitude_strain"": 1.5122874586168857e-05}}","{""absolute_power_neighborhood_max_strain_squared"": 2.557491118757799e-13, ""absolute_power_ratio"": 21.132033273694653, ""matched_period_angstrom"": null, ""matched_amplitude_strain"": null, ""shared_actual_peak"": false, ""used_as_veto"": false}"
upper_outer_z0,upper,outer,z0,spectrum,26.41446653155557,0.03785804262998717,4.567252776744346e-08,6.749999999999999,"[24.592779184551738, 28.527623854080012]",0.22281776594676783,0.019979964146061128,0.004986093549754699,0.0010730550197937578,8.317403803803078e-13,3.9175699482755744e-05,5.977938986379119e-06,False,"[""insufficient_local_prominence"", ""window_sensitive_possible_leakage"", ""numerical_variant_inconsistent""]",profile_and_numerical_variants,failed,enhanced_near_gb,"{""status"": ""failed"", ""reference_window"": ""Hann"", ""comparison_window"": ""Blackman"", ""amplitude_ratio"": null, ""matched_period_angstrom"": null}","{""half_x_bin_origin"": {""status"": ""unresolved_or_inconsistent"", ""profile_status"": ""resolved_profile"", ""matched_period_angstrom"": 26.41446653155557, ""amplitude_ratio"": 0.8868738212190495, ""matched_amplitude_strain"": 5.30167759186438e-06}, ""smoothing_0.5_nn"": {""status"": ""consistent"", ""profile_status"": ""resolved_profile"", ""matched_period_angstrom"": 26.41446653155557, ""amplitude_ratio"": 1.1097976259086524, ""matched_amplitude_strain"": 6.6343024949103225e-06}, ""smoothing_0.8_nn"": {""status"": ""consistent"", ""profile_status"": ""resolved_profile"", ""matched_period_angstrom"": 26.41446653155557, ""amplitude_ratio"": 0.892823485392688, ""matched_amplitude_strain"": 5.337244321283837e-06}}","{""absolute_power_neighborhood_max_strain_squared"": 4.7949284716815826e-14, ""absolute_power_ratio"": 17.346252093070667, ""matched_period_angstrom"": null, ""matched_amplitude_strain"": null, ""shared_actual_peak"": false, ""used_as_veto"": false}"
upper_outer_z0,upper,outer,z0,spectrum,15.368416891086875,0.06506851077029045,7.144664040080747e-09,11.6015625,"[14.733440337807624, 16.06059048787052]",0.6718515036472101,4.017605818194071,0.0007799866796688365,0.0001678605933962244,1.301111604035684e-13,6.1283494700499745e-06,2.3643668404206206e-06,False,"[""window_sensitive_possible_leakage""]",profile_and_numerical_variants,passed,enhanced_near_gb_and_shared,"{""status"": ""failed"", ""reference_window"": ""Hann"", ""comparison_window"": ""Blackman"", ""amplitude_ratio"": null, ""matched_period_angstrom"": null}","{""half_x_bin_origin"": {""status"": ""consistent"", ""profile_status"": ""resolved_profile"", ""matched_period_angstrom"": 15.368416891086875, ""amplitude_ratio"": 0.5280756003781517, ""matched_amplitude_strain"": 1.2485644387693128e-06}, ""smoothing_0.5_nn"": {""status"": ""consistent"", ""profile_status"": ""resolved_profile"", ""matched_period_angstrom"": 15.368416891086875, ""amplitude_ratio"": 1.060639955299707, ""matched_amplitude_strain"": 2.5077419399358366e-06}, ""smoothing_0.8_nn"": {""status"": ""consistent"", ""profile_status"": ""resolved_profile"", ""matched_period_angstrom"": 15.368416891086875, ""amplitude_ratio"": 0.9356959752955923, ""matched_amplitude_strain"": 2.2123285367039307e-06}}","{""absolute_power_neighborhood_max_strain_squared"": 1.2300324548283067e-14, ""absolute_power_ratio"": 10.57786401430602, ""matched_period_angstrom"": 15.55698642349285, ""matched_amplitude_strain"": 7.269689637792385e-07, ""shared_actual_peak"": true, ""used_as_veto"": false}"
upper_outer_z0,upper,outer,z0,spectrum,6.853483208187391,0.14591120596974222,2.365394092704118e-09,26.015625,"[6.724248404025931, 6.987782940374773]",0.6656766655775013,1.945506389370453,0.00025823130018800904,5.5573845570595874e-05,4.307608706119096e-14,2.028921381490009e-06,1.360428457046147e-06,False,"[""insufficient_local_prominence""]",profile_and_numerical_variants,passed,enhanced_near_gb,"{""status"": ""passed"", ""reference_window"": ""Hann"", ""comparison_window"": ""Blackman"", ""amplitude_ratio"": 1.0164120391990261, ""matched_period_angstrom"": 6.853483208187391}","{""half_x_bin_origin"": {""status"": ""consistent"", ""profile_status"": ""resolved_profile"", ""matched_period_angstrom"": 6.96645271161905, ""amplitude_ratio"": 0.9601754283762537, ""matched_amplitude_strain"": 1.3062499765195299e-06}, ""smoothing_0.5_nn"": {""status"": ""consistent"", ""profile_status"": ""resolved_profile"", ""matched_period_angstrom"": 6.8350102076262385, ""amplitude_ratio"": 1.08954825828514, ""matched_amplitude_strain"": 1.4822524558961697e-06}, ""smoothing_0.8_nn"": {""status"": ""consistent"", ""profile_status"": ""resolved_profile"", ""matched_period_angstrom"": 6.90950623168756, ""amplitude_ratio"": 0.8300490359957649, ""matched_amplitude_strain"": 1.12922232931236e-06}}","{""absolute_power_neighborhood_max_strain_squared"": 1.1443104485501622e-15, ""absolute_power_ratio"": 37.64370684176504, ""matched_period_angstrom"": null, ""matched_amplitude_strain"": null, ""shared_actual_peak"": false, ""used_as_veto"": false}"
upper_outer_z0,upper,outer,z0,spectrum,7.850739278728589,0.12737653926547768,1.926412260840158e-09,22.7109375,"[7.681622040815889, 8.027470658903978]",0.49586318108863625,0.9835885071029058,0.000210307425874299,4.526016946581809e-05,3.508180836320218e-14,1.6523838618007475e-06,1.2277178515284518e-06,False,"[""insufficient_local_prominence""]",profile_and_numerical_variants,passed,enhanced_near_gb,"{""status"": ""passed"", ""reference_window"": ""Hann"", ""comparison_window"": ""Blackman"", ""amplitude_ratio"": 1.0169988419709741, ""matched_period_angstrom"": 7.802427037013337}","{""half_x_bin_origin"": {""status"": ""consistent"", ""profile_status"": ""resolved_profile"", ""matched_period_angstrom"": 7.875120456612839, ""amplitude_ratio"": 0.9644154815638252, ""matched_amplitude_strain"": 1.1840301030063166e-06}, ""smoothing_0.5_nn"": {""status"": ""consistent"", ""profile_status"": ""resolved_profile"", ""matched_period_angstrom"": 7.75470577073191, ""amplitude_ratio"": 1.3738056587990022, ""matched_amplitude_strain"": 1.6866457318383401e-06}, ""smoothing_0.8_nn"": {""status"": ""consistent"", ""profile_status"": ""resolved_profile"", ""matched_period_angstrom"": 7.850739278728589, ""amplitude_ratio"": 0.7266471718376727, ""matched_amplitude_strain"": 8.921177046277732e-07}}","{""absolute_power_neighborhood_max_strain_squared"": 1.8779838864070516e-15, ""absolute_power_ratio"": 18.680569421881728, ""matched_period_angstrom"": null, ""matched_amplitude_strain"": null, ""shared_actual_peak"": false, ""used_as_veto"": false}"
upper_outer_z0,upper,outer,z0,spectrum,11.632058656097865,0.0859693051389292,1.870639971550778e-09,15.328125,"[11.264609616615997, 12.024288241972608]",0.7488131575910869,1.5248731229881154,0.00020421873611977534,4.394982519733162e-05,3.4066141673054674e-14,1.6045450722379871e-06,1.209815261974583e-06,False,"[""insufficient_local_prominence"", ""numerical_variant_inconsistent""]",profile_and_numerical_variants,failed,enhanced_near_gb,"{""status"": ""passed"", ""reference_window"": ""Hann"", ""comparison_window"": ""Blackman"", ""amplitude_ratio"": 0.9487557892966213, ""matched_period_angstrom"": 11.474157407372555}","{""half_x_bin_origin"": {""status"": ""unresolved_or_inconsistent"", ""profile_status"": ""resolved_profile"", ""matched_period_angstrom"": null, ""amplitude_ratio"": null, ""matched_amplitude_strain"": null}, ""smoothing_0.5_nn"": {""status"": ""consistent"", ""profile_status"": ""resolved_profile"", ""matched_period_angstrom"": 11.57894423301066, ""amplitude_ratio"": 1.399395459635892, ""matched_amplitude_strain"": 1.6930099846054388e-06}, ""smoothing_0.8_nn"": {""status"": ""consistent"", ""profile_status"": ""resolved_profile"", ""matched_period_angstrom"": 11.632058656097865, ""amplitude_ratio"": 0.7123367323315807, ""matched_amplitude_strain"": 8.617958504398496e-07}}","{""absolute_power_neighborhood_max_strain_squared"": 1.7865995999089e-15, ""absolute_power_ratio"": 19.067586086323836, ""matched_period_angstrom"": null, ""matched_amplitude_strain"": null, ""shared_actual_peak"": false, ""used_as_veto"": false}"
upper_outer_z0,upper,outer,z0,spectrum,8.774355664461366,0.11396848250069054,1.753637801368899e-09,20.3203125,"[8.563639430868296, 8.99570322556721]",0.4461938786141009,0.8056860720453962,0.00019144554850419914,4.1200913057418835e-05,3.193542033378677e-14,1.5041862333049933e-06,1.1713694768365091e-06,False,"[""insufficient_local_prominence"", ""numerical_variant_inconsistent""]",profile_and_numerical_variants,failed,enhanced_near_gb,"{""status"": ""passed"", ""reference_window"": ""Hann"", ""comparison_window"": ""Blackman"", ""amplitude_ratio"": 1.0285953726482677, ""matched_period_angstrom"": 8.774355664461366}","{""half_x_bin_origin"": {""status"": ""unresolved_or_inconsistent"", ""profile_status"": ""resolved_profile"", ""matched_period_angstrom"": null, ""amplitude_ratio"": null, ""matched_amplitude_strain"": null}, ""smoothing_0.5_nn"": {""status"": ""consistent"", ""profile_status"": ""resolved_profile"", ""matched_period_angstrom"": 8.897504515892402, ""amplitude_ratio"": 1.3890477595040154, ""matched_amplitude_strain"": 1.6270881473511436e-06}, ""smoothing_0.8_nn"": {""status"": ""consistent"", ""profile_status"": ""resolved_profile"", ""matched_period_angstrom"": 8.684208174757995, ""amplitude_ratio"": 0.6626745245595419, ""matched_amplitude_strain"": 7.76236711146193e-07}}","{""absolute_power_neighborhood_max_strain_squared"": 2.8520102264444023e-15, ""absolute_power_ratio"": 11.19751256067571, ""matched_period_angstrom"": null, ""matched_amplitude_strain"": null, ""shared_actual_peak"": false, ""used_as_veto"": false}"
upper_outer_z0,upper,outer,z0,spectrum,10.790590583103551,0.09267333352132276,1.5451832737189115e-09,16.5234375,"[10.473657220405695, 11.127303307295957]",0.8148214782088522,6.258899153550758,0.0001686884595813991,3.6303369868381624e-05,2.8139264163004652e-14,1.3253839569646656e-06,1.0995473926365567e-06,False,"[""window_sensitive_possible_leakage""]",profile_and_numerical_variants,passed,enhanced_near_gb,"{""status"": ""failed"", ""reference_window"": ""Hann"", ""comparison_window"": ""Blackman"", ""amplitude_ratio"": null, ""matched_period_angstrom"": null}","{""half_x_bin_origin"": {""status"": ""consistent"", ""profile_status"": ""resolved_profile"", ""matched_period_angstrom"": 11.025168639257977, ""amplitude_ratio"": 1.0959292009770676, ""matched_amplitude_strain"": 1.2050260954485997e-06}, ""smoothing_0.5_nn"": {""status"": ""consistent"", ""profile_status"": ""resolved_profile"", ""matched_period_angstrom"": 10.699530746959216, ""amplitude_ratio"": 1.4359809651217903, ""matched_amplitude_strain"": 1.5789291260753908e-06}, ""smoothing_0.8_nn"": {""status"": ""consistent"", ""profile_status"": ""resolved_profile"", ""matched_period_angstrom"": 10.790590583103551, ""amplitude_ratio"": 0.6753369967894508, ""matched_amplitude_strain"": 7.425650339708433e-07}}","{""absolute_power_neighborhood_max_strain_squared"": 8.153582711766814e-15, ""absolute_power_ratio"": 3.451153334398089, ""matched_period_angstrom"": null, ""matched_amplitude_strain"": null, ""shared_actual_peak"": false, ""used_as_veto"": false}"
upper_outer_z0,upper,outer,z0,spectrum,13.633273048544808,0.07334995759560015,1.19477955170328e-09,13.078125,"[13.13124228035904, 14.17521682190311]",0.9193014083973782,0.6484918443571404,0.0001304347034711978,2.8070795687731304e-05,2.1758077500423952e-14,1.0248244831991555e-06,9.668694640837798e-07,False,"[""insufficient_local_prominence""]",profile_and_numerical_variants,passed,enhanced_near_gb,"{""status"": ""passed"", ""reference_window"": ""Hann"", ""comparison_window"": ""Blackman"", ""amplitude_ratio"": 0.8029412923752579, ""matched_period_angstrom"": 13.560367845076655}","{""half_x_bin_origin"": {""status"": ""consistent"", ""profile_status"": ""resolved_profile"", ""matched_period_angstrom"": 13.13880200533334, ""amplitude_ratio"": 2.2489654560917476, ""matched_amplitude_strain"": 2.1744560252743613e-06}, ""smoothing_0.5_nn"": {""status"": ""consistent"", ""profile_status"": ""resolved_profile"", ""matched_period_angstrom"": 13.560367845076655, ""amplitude_ratio"": 1.3803544862771782, ""matched_amplitude_strain"": 1.3346226023924563e-06}, ""smoothing_0.8_nn"": {""status"": ""consistent"", ""profile_status"": ""resolved_profile"", ""matched_period_angstrom"": 13.706966416374781, ""amplitude_ratio"": 0.7212353475569196, ""matched_amplitude_strain"": 6.973404339706376e-07}}","{""absolute_power_neighborhood_max_strain_squared"": 4.120876619483142e-15, ""absolute_power_ratio"": 5.279963345069269, ""matched_period_angstrom"": null, ""matched_amplitude_strain"": null, ""shared_actual_peak"": false, ""used_as_veto"": false}"
upper_outer_z1,upper,outer,z1,spectrum,19.357166313201024,0.05166045400550333,9.159631669677234e-06,9.2109375,"[18.36049805572326, 20.468250298891487]",0.9993013549699202,42.23048761660956,1.0,0.21520121585091162,1.6680564666515943e-10,0.007856758321282277,8.465701649204184e-05,True,[],profile_and_numerical_variants,passed,enhanced_near_gb,"{""status"": ""passed"", ""reference_window"": ""Hann"", ""comparison_window"": ""Blackman"", ""amplitude_ratio"": 1.0042788069624582, ""matched_period_angstrom"": 19.357166313201024}","{""half_x_bin_origin"": {""status"": ""consistent"", ""profile_status"": ""resolved_profile"", ""matched_period_angstrom"": 19.357166313201024, ""amplitude_ratio"": 1.0100836774226745, ""matched_amplitude_strain"": 8.551067053791362e-05}, ""smoothing_0.5_nn"": {""status"": ""consistent"", ""profile_status"": ""resolved_profile"", ""matched_period_angstrom"": 19.357166313201024, ""amplitude_ratio"": 1.0565251113898753, ""matched_amplitude_strain"": 8.9442263779189e-05}, ""smoothing_0.8_nn"": {""status"": ""consistent"", ""profile_status"": ""resolved_profile"", ""matched_period_angstrom"": 19.357166313201024, ""amplitude_ratio"": 0.9324938999355119, ""matched_amplitude_strain"": 7.894215146556904e-05}}","{""absolute_power_neighborhood_max_strain_squared"": 1.041976007865452e-14, ""absolute_power_ratio"": 16008.58804867018, ""matched_period_angstrom"": null, ""matched_amplitude_strain"": null, ""shared_actual_peak"": false, ""used_as_veto"": false}"
upper_outer_z1,upper,outer,z1,spectrum,33.3656419345965,0.02997095041540651,2.967756884313713e-07,5.34375,"[30.510827651422474, 36.80983723107098]",0.32257461092406975,2.0948074415830913,0.032400395467193394,0.006972604498590383,5.404568918112093e-12,0.0002545620766997082,1.5238355965707959e-05,False,"[""insufficient_local_prominence"", ""window_sensitive_possible_leakage"", ""numerical_variant_inconsistent""]",profile_and_numerical_variants,failed,enhanced_near_gb,"{""status"": ""failed"", ""reference_window"": ""Hann"", ""comparison_window"": ""Blackman"", ""amplitude_ratio"": null, ""matched_period_angstrom"": null}","{""half_x_bin_origin"": {""status"": ""unresolved_or_inconsistent"", ""profile_status"": ""resolved_profile"", ""matched_period_angstrom"": 33.3656419345965, ""amplitude_ratio"": 0.9999849953724049, ""matched_amplitude_strain"": 1.5238127319851533e-05}, ""smoothing_0.5_nn"": {""status"": ""consistent"", ""profile_status"": ""resolved_profile"", ""matched_period_angstrom"": 33.3656419345965, ""amplitude_ratio"": 1.002377010588617, ""matched_amplitude_strain"": 1.527457769919156e-05}, ""smoothing_0.8_nn"": {""status"": ""consistent"", ""profile_status"": ""resolved_profile"", ""matched_period_angstrom"": 33.3656419345965, ""amplitude_ratio"": 0.9924282948340307, ""matched_amplitude_strain"": 1.512297562712153e-05}}","{""absolute_power_neighborhood_max_strain_squared"": 2.5570953050169953e-13, ""absolute_power_ratio"": 21.13557874635483, ""matched_period_angstrom"": null, ""matched_amplitude_strain"": null, ""shared_actual_peak"": false, ""used_as_veto"": false}"
upper_outer_z1,upper,outer,z1,spectrum,26.41446653155557,0.03785804262998717,4.569981007663672e-08,6.749999999999999,"[24.592779184551738, 28.527623854080012]",0.22332615626859556,0.020044845706483787,0.004989262857361936,0.001073695433104082,8.322372173047188e-13,3.9199432471642985e-05,5.979724169282446e-06,False,"[""insufficient_local_prominence"", ""window_sensitive_possible_leakage"", ""numerical_variant_inconsistent""]",profile_and_numerical_variants,failed,enhanced_near_gb,"{""status"": ""failed"", ""reference_window"": ""Hann"", ""comparison_window"": ""Blackman"", ""amplitude_ratio"": null, ""matched_period_angstrom"": null}","{""half_x_bin_origin"": {""status"": ""unresolved_or_inconsistent"", ""profile_status"": ""resolved_profile"", ""matched_period_angstrom"": 26.41446653155557, ""amplitude_ratio"": 0.8863121339820627, ""matched_amplitude_strain"": 5.299902089100842e-06}, ""smoothing_0.5_nn"": {""status"": ""consistent"", ""profile_status"": ""resolved_profile"", ""matched_period_angstrom"": 26.41446653155557, ""amplitude_ratio"": 1.1097602531781028, ""matched_amplitude_strain"": 6.636060208038108e-06}, ""smoothing_0.8_nn"": {""status"": ""consistent"", ""profile_status"": ""resolved_profile"", ""matched_period_angstrom"": 26.41446653155557, ""amplitude_ratio"": 0.8928564999004408, ""matched_amplitude_strain"": 5.339035592155596e-06}}","{""absolute_power_neighborhood_max_strain_squared"": 4.794458326435013e-14, ""absolute_power_ratio"": 17.358315802142773, ""matched_period_angstrom"": null, ""matched_amplitude_strain"": null, ""shared_actual_peak"": false, ""used_as_veto"": false}"
upper_outer_z1,upper,outer,z1,spectrum,15.368416891086875,0.06506851077029045,7.1470817284984275e-09,11.6015625,"[14.733440337807624, 16.06059048787052]",0.6716511335655359,4.012934057392938,0.0007802804726481185,0.00016791730641859908,1.3015518882026565e-13,6.130475096412174e-06,2.3647668465502983e-06,False,"[""window_sensitive_possible_leakage""]",profile_and_numerical_variants,passed,enhanced_near_gb_and_shared,"{""status"": ""failed"", ""reference_window"": ""Hann"", ""comparison_window"": ""Blackman"", ""amplitude_ratio"": null, ""matched_period_angstrom"": null}","{""half_x_bin_origin"": {""status"": ""consistent"", ""profile_status"": ""resolved_profile"", ""matched_period_angstrom"": 15.368416891086875, ""amplitude_ratio"": 0.5279283562216173, ""matched_amplitude_strain"": 1.2484274741466764e-06}, ""smoothing_0.5_nn"": {""status"": ""consistent"", ""profile_status"": ""resolved_profile"", ""matched_period_angstrom"": 15.368416891086875, ""amplitude_ratio"": 1.0606762635198879, ""matched_amplitude_strain"": 2.5082520628946783e-06}, ""smoothing_0.8_nn"": {""status"": ""consistent"", ""profile_status"": ""resolved_profile"", ""matched_period_angstrom"": 15.368416891086875, ""amplitude_ratio"": 0.9356680533639019, ""matched_amplitude_strain"": 2.2126367919712105e-06}}","{""absolute_power_neighborhood_max_strain_squared"": 1.2285910843795443e-14, ""absolute_power_ratio"": 10.593857506787609, ""matched_period_angstrom"": 15.55698642349285, ""matched_amplitude_strain"": 7.265429023677634e-07, ""shared_actual_peak"": true, ""used_as_veto"": false}"
upper_outer_z1,upper,outer,z1,spectrum,6.853483208187391,0.14591120596974222,2.366915132676108e-09,26.015625,"[6.724248404025931, 6.987782940374773]",0.6641388912231009,1.931759839530319,0.00025840723929017036,5.5609552079922125e-05,4.310378665275546e-14,2.0302432275726267e-06,1.3608657908335583e-06,False,"[""insufficient_local_prominence""]",profile_and_numerical_variants,passed,enhanced_near_gb,"{""status"": ""passed"", ""reference_window"": ""Hann"", ""comparison_window"": ""Blackman"", ""amplitude_ratio"": 1.0164812659707694, ""matched_period_angstrom"": 6.853483208187391}","{""half_x_bin_origin"": {""status"": ""consistent"", ""profile_status"": ""resolved_profile"", ""matched_period_angstrom"": 6.96645271161905, ""amplitude_ratio"": 0.959765210174154, ""matched_amplitude_strain"": 1.3061116417581862e-06}, ""smoothing_0.5_nn"": {""status"": ""consistent"", ""profile_status"": ""resolved_profile"", ""matched_period_angstrom"": 6.8350102076262385, ""amplitude_ratio"": 1.0896659633252392, ""matched_amplitude_strain"": 1.4828891329250127e-06}, ""smoothing_0.8_nn"": {""status"": ""consistent"", ""profile_status"": ""resolved_profile"", ""matched_period_angstrom"": 6.90950623168756, ""amplitude_ratio"": 0.8299931304069366, ""matched_amplitude_strain"": 1.1295092577976564e-06}}","{""absolute_power_neighborhood_max_strain_squared"": 1.137137600944186e-15, ""absolute_power_ratio"": 37.90551523137182, ""matched_period_angstrom"": null, ""matched_amplitude_strain"": null, ""shared_actual_peak"": false, ""used_as_veto"": false}"
upper_outer_z1,upper,outer,z1,spectrum,7.850739278728589,0.12737653926547768,1.93033127202136e-09,22.7109375,"[7.681622040815889, 8.027470658903978]",0.49657399374417793,0.9863892361012392,0.0002107433291681019,4.535222066944441e-05,3.515317730225379e-14,1.6557594050962146e-06,1.2289660255366736e-06,False,"[""insufficient_local_prominence""]",profile_and_numerical_variants,passed,enhanced_near_gb,"{""status"": ""passed"", ""reference_window"": ""Hann"", ""comparison_window"": ""Blackman"", ""amplitude_ratio"": 1.0172021718422308, ""matched_period_angstrom"": 7.802427037013337}","{""half_x_bin_origin"": {""status"": ""consistent"", ""profile_status"": ""resolved_profile"", ""matched_period_angstrom"": 7.875120456612839, ""amplitude_ratio"": 0.9631493622221984, ""matched_amplitude_strain"": 1.1836778436883972e-06}, ""smoothing_0.5_nn"": {""status"": ""consistent"", ""profile_status"": ""resolved_profile"", ""matched_period_angstrom"": 7.75470577073191, ""amplitude_ratio"": 1.3742474008100116, ""matched_amplitude_strain"": 1.688903366277584e-06}, ""smoothing_0.8_nn"": {""status"": ""consistent"", ""profile_status"": ""resolved_profile"", ""matched_period_angstrom"": 7.850739278728589, ""amplitude_ratio"": 0.7265177458256857, ""matched_amplitude_strain"": 8.928656265692562e-07}}","{""absolute_power_neighborhood_max_strain_squared"": 1.8762388730635596e-15, ""absolute_power_ratio"": 18.735981759537363, ""matched_period_angstrom"": null, ""matched_amplitude_strain"": null, ""shared_actual_peak"": false, ""used_as_veto"": false}"
upper_outer_z1,upper,outer,z1,spectrum,11.632058656097865,0.0859693051389292,1.8689735963000165e-09,15.328125,"[11.264609616615997, 12.024288241972608]",0.7477767649139074,1.519450815251765,0.00020404462359411391,4.391065108529492e-05,3.403579538716522e-14,1.6031292943359647e-06,1.209276287236432e-06,False,"[""insufficient_local_prominence"", ""numerical_variant_inconsistent""]",profile_and_numerical_variants,failed,enhanced_near_gb,"{""status"": ""passed"", ""reference_window"": ""Hann"", ""comparison_window"": ""Blackman"", ""amplitude_ratio"": 0.948739927492942, ""matched_period_angstrom"": 11.474157407372555}","{""half_x_bin_origin"": {""status"": ""unresolved_or_inconsistent"", ""profile_status"": ""resolved_profile"", ""matched_period_angstrom"": null, ""amplitude_ratio"": null, ""matched_amplitude_strain"": null}, ""smoothing_0.5_nn"": {""status"": ""consistent"", ""profile_status"": ""resolved_profile"", ""matched_period_angstrom"": 11.57894423301066, ""amplitude_ratio"": 1.3994663093833322, ""matched_amplitude_strain"": 1.6923414227235478e-06}, ""smoothing_0.8_nn"": {""status"": ""consistent"", ""profile_status"": ""resolved_profile"", ""matched_period_angstrom"": 11.632058656097865, ""amplitude_ratio"": 0.7123800712882573, ""matched_amplitude_strain"": 8.614643277086886e-07}}","{""absolute_power_neighborhood_max_strain_squared"": 1.7873436391442753e-15, ""absolute_power_ratio"": 19.042670162443134, ""matched_period_angstrom"": null, ""matched_amplitude_strain"": null, ""shared_actual_peak"": false, ""used_as_veto"": false}"
upper_outer_z1,upper,outer,z1,spectrum,8.774355664461366,0.11396848250069054,1.7556837000432322e-09,20.3203125,"[8.563639430868296, 8.99570322556721]",0.4464954234065595,0.8066697951343569,0.00019167623364762425,4.124895853069215e-05,3.197267810393415e-14,1.5059538437030179e-06,1.172052572481857e-06,False,"[""insufficient_local_prominence"", ""numerical_variant_inconsistent""]",profile_and_numerical_variants,failed,enhanced_near_gb,"{""status"": ""passed"", ""reference_window"": ""Hann"", ""comparison_window"": ""Blackman"", ""amplitude_ratio"": 1.0284604649151583, ""matched_period_angstrom"": 8.774355664461366}","{""half_x_bin_origin"": {""status"": ""unresolved_or_inconsistent"", ""profile_status"": ""resolved_profile"", ""matched_period_angstrom"": null, ""amplitude_ratio"": null, ""matched_amplitude_strain"": null}, ""smoothing_0.5_nn"": {""status"": ""consistent"", ""profile_status"": ""resolved_profile"", ""matched_period_angstrom"": 8.897504515892402, ""amplitude_ratio"": 1.3889654827559619, ""matched_amplitude_strain"": 1.6279405671526296e-06}, ""smoothing_0.8_nn"": {""status"": ""consistent"", ""profile_status"": ""resolved_profile"", ""matched_period_angstrom"": 8.684208174757995, ""amplitude_ratio"": 0.6626875541908184, ""matched_amplitude_strain"": 7.767046526410587e-07}}","{""absolute_power_neighborhood_max_strain_squared"": 2.8581165092138175e-15, ""absolute_power_ratio"": 11.186625178106851, ""matched_period_angstrom"": null, ""matched_amplitude_strain"": null, ""shared_actual_peak"": false, ""used_as_veto"": false}"
upper_outer_z1,upper,outer,z1,spectrum,10.790590583103551,0.09267333352132276,1.5470076523548522e-09,16.5234375,"[10.473657220405695, 11.127303307295957]",0.8156679672885794,6.241448878096521,0.000168894089647315,3.634621344213505e-05,2.8172487841543783e-14,1.3269600442519369e-06,1.1001963121025044e-06,False,"[""window_sensitive_possible_leakage""]",profile_and_numerical_variants,passed,enhanced_near_gb,"{""status"": ""failed"", ""reference_window"": ""Hann"", ""comparison_window"": ""Blackman"", ""amplitude_ratio"": null, ""matched_period_angstrom"": null}","{""half_x_bin_origin"": {""status"": ""consistent"", ""profile_status"": ""resolved_profile"", ""matched_period_angstrom"": 11.025168639257977, ""amplitude_ratio"": 1.095360895640615, ""matched_amplitude_strain"": 1.2051120178051008e-06}, ""smoothing_0.5_nn"": {""status"": ""consistent"", ""profile_status"": ""resolved_profile"", ""matched_period_angstrom"": 10.699530746959216, ""amplitude_ratio"": 1.435961021529572, ""matched_amplitude_strain"": 1.57983902020978e-06}, ""smoothing_0.8_nn"": {""status"": ""consistent"", ""profile_status"": ""resolved_profile"", ""matched_period_angstrom"": 10.790590583103551, ""amplitude_ratio"": 0.6753756883522953, ""matched_amplitude_strain"": 7.430458416088856e-07}}","{""absolute_power_neighborhood_max_strain_squared"": 8.130904113902109e-15, ""absolute_power_ratio"": 3.464865339313847, ""matched_period_angstrom"": null, ""matched_amplitude_strain"": null, ""shared_actual_peak"": false, ""used_as_veto"": false}"
upper_outer_z1,upper,outer,z1,spectrum,13.633273048544808,0.07334995759560015,1.1962183968081732e-09,13.078125,"[13.13124228035904, 14.17521682190311]",0.9189179414291492,0.6496756434855604,0.000130596779428176,2.8104585719156797e-05,2.1784280244904085e-14,1.026067333504988e-06,9.674514780651402e-07,False,"[""insufficient_local_prominence""]",profile_and_numerical_variants,passed,enhanced_near_gb,"{""status"": ""passed"", ""reference_window"": ""Hann"", ""comparison_window"": ""Blackman"", ""amplitude_ratio"": 0.8032246119408815, ""matched_period_angstrom"": 13.560367845076655}","{""half_x_bin_origin"": {""status"": ""consistent"", ""profile_status"": ""resolved_profile"", ""matched_period_angstrom"": 13.85676932802915, ""amplitude_ratio"": 2.248827619684783, ""matched_amplitude_strain"": 2.1756316045777542e-06}, ""smoothing_0.5_nn"": {""status"": ""consistent"", ""profile_status"": ""resolved_profile"", ""matched_period_angstrom"": 13.560367845076655, ""amplitude_ratio"": 1.3801965484367105, ""matched_amplitude_strain"": 1.3352731908055005e-06}, ""smoothing_0.8_nn"": {""status"": ""consistent"", ""profile_status"": ""resolved_profile"", ""matched_period_angstrom"": 13.706966416374781, ""amplitude_ratio"": 0.7212912163303982, ""matched_amplitude_strain"": 6.978142533542465e-07}}","{""absolute_power_neighborhood_max_strain_squared"": 4.107248063025288e-15, ""absolute_power_ratio"": 5.303862808047287, ""matched_period_angstrom"": null, ""matched_amplitude_strain"": null, ""shared_actual_peak"": false, ""used_as_veto"": false}"
